"","Cluster","Variable","Estimate","Std. Error","z value","Pr(>|z|)"
"(Intercept)","Strep(4)/Veill(6) clust","(Intercept)",-2.29171888516907,0.655398789740221,-3.4966785429638,0.000471089130687673
"KRD_nGoatsWghtDist.3000m.sum","Strep(4)/Veill(6) clust","KRD_nGoatsWghtDist.3000m.sum",-0.0649420835532246,0.0529926759402084,-1.22549168165236,0.220390022338436
"KRD_nCowsWghtDist.3000m.sum","Strep(4)/Veill(6) clust","KRD_nCowsWghtDist.3000m.sum",0.0511908267585606,0.0373379409811758,1.37101365028052,0.170370700848702
"KRD_nPoultryWghtDist.3000m.sum","Strep(4)/Veill(6) clust","KRD_nPoultryWghtDist.3000m.sum",0.000200414640699805,0.000268068187971364,0.747625603084294,0.45468601705022
"KRD_nPigsWghtDist.3000m.sum","Strep(4)/Veill(6) clust","KRD_nPigsWghtDist.3000m.sum",-0.00375656585637709,0.00410707812017292,-0.914656538410067,0.360371967348499
"age","Strep(4)/Veill(6) clust","age",0.0169454056891223,0.00900732188958737,1.88129234159062,0.059932162231295
"gender1","Strep(4)/Veill(6) clust","gender1",-0.402219566896677,0.16564976333106,-2.42813245735111,0.0151767992735719
"smoked_ever1","Strep(4)/Veill(6) clust","smoked_ever1",0.146607245630632,0.174356047108204,0.840849790197691,0.400432089749568
"smoked_ever2","Strep(4)/Veill(6) clust","smoked_ever2",0.56839380297269,0.370014779104321,1.53613810872251,0.124504511493226
"sampling_seasonFall","Strep(4)/Veill(6) clust","sampling_seasonFall",-0.267402472320035,0.25660940503594,-1.04206029503316,0.297383725376101
"sampling_seasonSpring","Strep(4)/Veill(6) clust","sampling_seasonSpring",-0.379671400286241,0.252975210298964,-1.50082452678881,0.133400953130687
"sampling_seasonWinter","Strep(4)/Veill(6) clust","sampling_seasonWinter",-0.0317704363625259,0.247533960654012,-0.128347788233117,0.897873748263511
"(Intercept)1","Strep(4)/Veill(6) clust","ecoli_RF_preds",-1.93106280665207,0.997151375322509,-1.93657939450518,0.0527967787756206
"ecoli_RF_preds","Strep(4)/Veill(6) clust","ecoli_RF_preds",-0.0678343309504277,0.218518804541336,-0.31042788785528,0.75623558946664
"age1","Strep(4)/Veill(6) clust","ecoli_RF_preds",0.0168091415505558,0.0089860406926658,1.8705837337544,0.0614028009546256
"gender11","Strep(4)/Veill(6) clust","ecoli_RF_preds",-0.40415117153206,0.165213101546187,-2.44624165849871,0.014435420836403
"smoked_ever11","Strep(4)/Veill(6) clust","ecoli_RF_preds",0.133370199380446,0.173933741611078,0.766787387801191,0.443207936262793
"smoked_ever21","Strep(4)/Veill(6) clust","ecoli_RF_preds",0.600762753837536,0.366789692806995,1.6378943182399,0.101443741421508
"sampling_seasonFall1","Strep(4)/Veill(6) clust","ecoli_RF_preds",-0.269510321892516,0.254778896777723,-1.05782042901161,0.290137317284609
"sampling_seasonSpring1","Strep(4)/Veill(6) clust","ecoli_RF_preds",-0.383130060539239,0.251048954862141,-1.52611693105685,0.126980746221414
"sampling_seasonWinter1","Strep(4)/Veill(6) clust","ecoli_RF_preds",-0.0117586631751516,0.246485431336322,-0.0477053070090264,0.961951104538904
"(Intercept)2","Strep(4)/Veill(6) clust","staph_RF_preds",-2.24923719283715,1.1499098937163,-1.95601168850545,0.0504637772031682
"staph_RF_preds","Strep(4)/Veill(6) clust","staph_RF_preds",0.00980847208045555,0.123463750580163,0.0794441448146927,0.93667935709123
"age2","Strep(4)/Veill(6) clust","staph_RF_preds",0.0169232900189499,0.00900490371962915,1.87934158385947,0.0601978671235775
"gender12","Strep(4)/Veill(6) clust","staph_RF_preds",-0.403929205140225,0.165203512145285,-2.44504005934813,0.01448360536161
"smoked_ever12","Strep(4)/Veill(6) clust","staph_RF_preds",0.133591195641246,0.173931601097469,0.76806741729689,0.442447133144165
"smoked_ever22","Strep(4)/Veill(6) clust","staph_RF_preds",0.605092144801721,0.366993867613644,1.6487799884404,0.0991927161072291
"sampling_seasonFall2","Strep(4)/Veill(6) clust","staph_RF_preds",-0.269134057986548,0.255229103986533,-1.05448028372481,0.291663082734492
"sampling_seasonSpring2","Strep(4)/Veill(6) clust","staph_RF_preds",-0.381097735321323,0.25099843103499,-1.51832716144826,0.128931943713706
"sampling_seasonWinter2","Strep(4)/Veill(6) clust","staph_RF_preds",-0.0134001921210398,0.246671033667447,-0.0543241414356963,0.956676915864895
"(Intercept)3","Strep(4)/Veill(6) clust","tetw_RF_preds",-0.651534938559776,1.89984462613288,-0.342941169818698,0.731642718735066
"tetw_RF_preds","Strep(4)/Veill(6) clust","tetw_RF_preds",-0.155614670629354,0.183743393272913,-0.846913011986345,0.397043609205055
"age3","Strep(4)/Veill(6) clust","tetw_RF_preds",0.0167928645829775,0.0089916524384656,1.86760605994276,0.0618170011316686
"gender13","Strep(4)/Veill(6) clust","tetw_RF_preds",-0.403075542136521,0.16529464201046,-2.43852757254535,0.0147472336135895
"smoked_ever13","Strep(4)/Veill(6) clust","tetw_RF_preds",0.136019342711613,0.174006607567,0.781690676081019,0.434396382573036
"smoked_ever23","Strep(4)/Veill(6) clust","tetw_RF_preds",0.598063044827255,0.366581890393079,1.63145823757405,0.10279366506336
"sampling_seasonFall3","Strep(4)/Veill(6) clust","tetw_RF_preds",-0.273458008001996,0.254928484791294,-1.07268518159464,0.28341239122574
"sampling_seasonSpring3","Strep(4)/Veill(6) clust","tetw_RF_preds",-0.389034080466205,0.251239191966264,-1.54846096033633,0.121511354033389
"sampling_seasonWinter3","Strep(4)/Veill(6) clust","tetw_RF_preds",-0.0100735015882818,0.246637709881925,-0.040843314646022,0.967420808056578
"(Intercept)4","Strep(4)/Veill(6) clust","meca_RF_preds",-2.09068140883179,0.778464484806869,-2.68564777152355,0.00723893564630131
"meca_RF_preds","Strep(4)/Veill(6) clust","meca_RF_preds",-0.0312258740718753,0.177277503015929,-0.176141211042834,0.860183005305368
"age4","Strep(4)/Veill(6) clust","meca_RF_preds",0.0168159106716262,0.00898784369120776,1.87096162876933,0.0613503997348869
"gender14","Strep(4)/Veill(6) clust","meca_RF_preds",-0.403250547107318,0.16525636036187,-2.4401514484786,0.0146811056511668
"smoked_ever14","Strep(4)/Veill(6) clust","meca_RF_preds",0.133610006219796,0.173932686210196,0.768170774171393,0.442385734179358
"smoked_ever24","Strep(4)/Veill(6) clust","meca_RF_preds",0.603075244704008,0.366737937317313,1.64443103191206,0.100087199520411
"sampling_seasonFall4","Strep(4)/Veill(6) clust","meca_RF_preds",-0.268090919268756,0.254712219354845,-1.0525247667654,0.292558853686468
"sampling_seasonSpring4","Strep(4)/Veill(6) clust","meca_RF_preds",-0.382249883116876,0.25109255216882,-1.5223465603228,0.127922267395358
"sampling_seasonWinter4","Strep(4)/Veill(6) clust","meca_RF_preds",-0.0112657632179183,0.246553806845616,-0.0456929193754959,0.963555007436383
"(Intercept)5","Veill(6)/Strep(4)/Prev(11) clust","(Intercept)",0.163189486344513,0.503038128220558,0.324407787778985,0.745629324501518
"KRD_nGoatsWghtDist.3000m.sum1","Veill(6)/Strep(4)/Prev(11) clust","KRD_nGoatsWghtDist.3000m.sum",-0.0119578017327823,0.041474638734691,-0.288315994969241,0.773104864548182
"KRD_nCowsWghtDist.3000m.sum1","Veill(6)/Strep(4)/Prev(11) clust","KRD_nCowsWghtDist.3000m.sum",-0.00580804893501495,0.0309389597368421,-0.187726057515073,0.851091402468791
"KRD_nPoultryWghtDist.3000m.sum1","Veill(6)/Strep(4)/Prev(11) clust","KRD_nPoultryWghtDist.3000m.sum",-0.000121262328955777,0.000224434768291658,-0.540300996493526,0.58898947128461
"KRD_nPigsWghtDist.3000m.sum1","Veill(6)/Strep(4)/Prev(11) clust","KRD_nPigsWghtDist.3000m.sum",-0.00139345272802584,0.00328535398057727,-0.42414081899966,0.671463118008199
"age5","Veill(6)/Strep(4)/Prev(11) clust","age",-0.000408184686738197,0.00684485114315395,-0.0596338296043812,0.952447274176186
"gender15","Veill(6)/Strep(4)/Prev(11) clust","gender1",-0.00480011571458257,0.131722107658141,-0.0364412307085181,0.970930538646317
"smoked_ever15","Veill(6)/Strep(4)/Prev(11) clust","smoked_ever1",0.00573311445614968,0.138212807595812,0.0414803414812,0.966912964589433
"smoked_ever25","Veill(6)/Strep(4)/Prev(11) clust","smoked_ever2",-0.0203012386314831,0.323104397053474,-0.062831824068687,0.94990042398452
"sampling_seasonFall5","Veill(6)/Strep(4)/Prev(11) clust","sampling_seasonFall",-0.0212212377220673,0.209005515447259,-0.101534343132789,0.919126296539452
"sampling_seasonSpring5","Veill(6)/Strep(4)/Prev(11) clust","sampling_seasonSpring",0.0962293741187443,0.204135538920853,0.471399417404013,0.637355531946803
"sampling_seasonWinter5","Veill(6)/Strep(4)/Prev(11) clust","sampling_seasonWinter",-0.267409352927627,0.207805295564104,-1.28682646032539,0.198154782010766
"(Intercept)6","Veill(6)/Strep(4)/Prev(11) clust","ecoli_RF_preds",-0.629565300219112,0.788960768479603,-0.797967814587715,0.424889167858774
"ecoli_RF_preds1","Veill(6)/Strep(4)/Prev(11) clust","ecoli_RF_preds",0.177416628312188,0.175355480999524,1.01175410828858,0.311655637345869
"age6","Veill(6)/Strep(4)/Prev(11) clust","ecoli_RF_preds",0.000168716077031653,0.00682602339869745,0.0247165981095006,0.980281015748141
"gender16","Veill(6)/Strep(4)/Prev(11) clust","ecoli_RF_preds",-0.00843960133063654,0.131640139410552,-0.0641111546100358,0.948881720025455
"smoked_ever16","Veill(6)/Strep(4)/Prev(11) clust","ecoli_RF_preds",0.00337243972519281,0.137980673022518,0.0244413920538164,0.980500532092428
"smoked_ever26","Veill(6)/Strep(4)/Prev(11) clust","ecoli_RF_preds",0.00928922605123037,0.32147281493775,0.0288958369715621,0.976947665852461
"sampling_seasonFall6","Veill(6)/Strep(4)/Prev(11) clust","ecoli_RF_preds",-0.00310489793668091,0.207866623694317,-0.0149369719943443,0.98808246382202
"sampling_seasonSpring6","Veill(6)/Strep(4)/Prev(11) clust","ecoli_RF_preds",0.122033236904556,0.202891569429646,0.601470220017554,0.547526840931194
"sampling_seasonWinter6","Veill(6)/Strep(4)/Prev(11) clust","ecoli_RF_preds",-0.277225845985677,0.207502032590858,-1.33601508633073,0.181544342315118
"(Intercept)7","Veill(6)/Strep(4)/Prev(11) clust","staph_RF_preds",-0.336878889579402,0.905942106344054,-0.371854765575344,0.710000985687568
"staph_RF_preds1","Veill(6)/Strep(4)/Prev(11) clust","staph_RF_preds",0.0438280974346422,0.0983677722112179,0.445553421099477,0.65591986306667
"age7","Veill(6)/Strep(4)/Prev(11) clust","staph_RF_preds",0.000174561731587537,0.0068398393147216,0.0255213205391861,0.979639142693813
"gender17","Veill(6)/Strep(4)/Prev(11) clust","staph_RF_preds",-0.00875938319675519,0.13158688856564,-0.0665672947528182,0.946926182978616
"smoked_ever17","Veill(6)/Strep(4)/Prev(11) clust","staph_RF_preds",0.00460576091469574,0.137919374057389,0.0333945897461749,0.973359924015201
"smoked_ever27","Veill(6)/Strep(4)/Prev(11) clust","staph_RF_preds",0.00284821106293888,0.321320838101334,0.00886407205884559,0.992927586373871
"sampling_seasonFall7","Veill(6)/Strep(4)/Prev(11) clust","staph_RF_preds",-0.0131801760285969,0.208075815309609,-0.0633431425415075,0.949493261939268
"sampling_seasonSpring7","Veill(6)/Strep(4)/Prev(11) clust","staph_RF_preds",0.111409456824142,0.202676374237524,0.549691384816158,0.58253106690079
"sampling_seasonWinter7","Veill(6)/Strep(4)/Prev(11) clust","staph_RF_preds",-0.278609440334511,0.207576510870486,-1.34220119206236,0.179530770083975
"(Intercept)8","Veill(6)/Strep(4)/Prev(11) clust","tetw_RF_preds",-1.8820450178694,1.54033262991827,-1.22184324431877,0.221766911661846
"tetw_RF_preds1","Veill(6)/Strep(4)/Prev(11) clust","tetw_RF_preds",0.192458726416063,0.149253714393676,1.2894736134233,0.197233483941965
"age8","Veill(6)/Strep(4)/Prev(11) clust","tetw_RF_preds",0.000125657325285013,0.00682568544797289,0.018409480812265,0.985312189130692
"gender18","Veill(6)/Strep(4)/Prev(11) clust","tetw_RF_preds",-0.00991631574737752,0.131681928996941,-0.0753050613923484,0.939971994510911
"smoked_ever18","Veill(6)/Strep(4)/Prev(11) clust","tetw_RF_preds",-9.82618305244929e-05,0.138063876708632,-0.000711712816320979,0.999432135380073
"smoked_ever28","Veill(6)/Strep(4)/Prev(11) clust","tetw_RF_preds",0.0088367352371455,0.321502918736953,0.0274857076628145,0.978072339174708
"sampling_seasonFall8","Veill(6)/Strep(4)/Prev(11) clust","tetw_RF_preds",-0.00057476630984659,0.207953112435621,-0.00276392261272132,0.997794711627854
"sampling_seasonSpring8","Veill(6)/Strep(4)/Prev(11) clust","tetw_RF_preds",0.125915361237718,0.203014130640659,0.620229541856824,0.535106674697206
"sampling_seasonWinter8","Veill(6)/Strep(4)/Prev(11) clust","tetw_RF_preds",-0.278124807289602,0.207559646483181,-1.33997533722018,0.180253363180468
"(Intercept)9","Veill(6)/Strep(4)/Prev(11) clust","meca_RF_preds",-0.172462737147014,0.606293638759136,-0.284454142550436,0.776062372018363
"meca_RF_preds1","Veill(6)/Strep(4)/Prev(11) clust","meca_RF_preds",0.0675923750078073,0.141632625323987,0.477237323344028,0.633193136449772
"age9","Veill(6)/Strep(4)/Prev(11) clust","meca_RF_preds",9.09073165298667e-05,0.00682704524768929,0.0133157630031287,0.989375872245297
"gender19","Veill(6)/Strep(4)/Prev(11) clust","meca_RF_preds",-0.0106772345577686,0.131619429788593,-0.0811220241184629,0.935344910695744
"smoked_ever19","Veill(6)/Strep(4)/Prev(11) clust","meca_RF_preds",0.0034516694929089,0.137934698972982,0.0250239389987359,0.980035869025739
"smoked_ever29","Veill(6)/Strep(4)/Prev(11) clust","meca_RF_preds",0.000900608355431312,0.321214497792541,0.00280375998474694,0.99776292612694
"sampling_seasonFall9","Veill(6)/Strep(4)/Prev(11) clust","meca_RF_preds",-0.00718180565873312,0.2077299594901,-0.0345727967037677,0.972420393613082
"sampling_seasonSpring9","Veill(6)/Strep(4)/Prev(11) clust","meca_RF_preds",0.118002152847059,0.20284254627232,0.581742612758563,0.560740063917503
"sampling_seasonWinter9","Veill(6)/Strep(4)/Prev(11) clust","meca_RF_preds",-0.27768545346852,0.207490859637956,-1.33830210136989,0.1807979771063
"(Intercept)10","Strep(8)/Neis(13)/Hae(14) clust","(Intercept)",-0.745136964444436,0.626667981042766,-1.18904585360264,0.234421623626368
"KRD_nGoatsWghtDist.3000m.sum2","Strep(8)/Neis(13)/Hae(14) clust","KRD_nGoatsWghtDist.3000m.sum",0.0532271707629916,0.0519159464924769,1.02525667659174,0.305242091924445
"KRD_nCowsWghtDist.3000m.sum2","Strep(8)/Neis(13)/Hae(14) clust","KRD_nCowsWghtDist.3000m.sum",-0.0491658066243728,0.0409995497955862,-1.1991791829301,0.230458279913738
"KRD_nPoultryWghtDist.3000m.sum2","Strep(8)/Neis(13)/Hae(14) clust","KRD_nPoultryWghtDist.3000m.sum",-0.000143901039405896,0.000294562313938171,-0.488524949040497,0.625178058310091
"KRD_nPigsWghtDist.3000m.sum2","Strep(8)/Neis(13)/Hae(14) clust","KRD_nPigsWghtDist.3000m.sum",0.00481662442360771,0.00413514536043563,1.16480171886879,0.244099262964154
"age10","Strep(8)/Neis(13)/Hae(14) clust","age",-0.0178140617869035,0.0083971047321337,-2.12145285252111,0.0338837115622825
"gender110","Strep(8)/Neis(13)/Hae(14) clust","gender1",0.568984406402633,0.17216544642028,3.30486992734688,0.000950204873988819
"smoked_ever110","Strep(8)/Neis(13)/Hae(14) clust","smoked_ever1",-0.226670506243384,0.174326334795975,-1.30026542753091,0.193510012981146
"smoked_ever210","Strep(8)/Neis(13)/Hae(14) clust","smoked_ever2",-1.83153273653361,0.738086605258379,-2.48146047291084,0.013084522135866
"sampling_seasonFall10","Strep(8)/Neis(13)/Hae(14) clust","sampling_seasonFall",0.126231641307125,0.291883015927468,0.432473403449048,0.665397378530449
"sampling_seasonSpring10","Strep(8)/Neis(13)/Hae(14) clust","sampling_seasonSpring",0.603511930992743,0.274480792385218,2.19874012220771,0.0278964063000542
"sampling_seasonWinter10","Strep(8)/Neis(13)/Hae(14) clust","sampling_seasonWinter",0.400178636209704,0.282267648704106,1.4177276001941,0.156270308796163
"(Intercept)11","Strep(8)/Neis(13)/Hae(14) clust","ecoli_RF_preds",-0.653974109481594,1.00314509735463,-0.651923745833153,0.514450365507528
"ecoli_RF_preds2","Strep(8)/Neis(13)/Hae(14) clust","ecoli_RF_preds",-0.0366531515853871,0.22550219574282,-0.16254010948607,0.870880545398189
"age11","Strep(8)/Neis(13)/Hae(14) clust","ecoli_RF_preds",-0.0179886876726887,0.00836360721293016,-2.1508288486908,0.0314897111711598
"gender111","Strep(8)/Neis(13)/Hae(14) clust","ecoli_RF_preds",0.568891607118888,0.171845907276543,3.3104751584418,0.000931377188856181
"smoked_ever111","Strep(8)/Neis(13)/Hae(14) clust","ecoli_RF_preds",-0.212704986619005,0.173672232375026,-1.22474953946404,0.220669602556473
"smoked_ever211","Strep(8)/Neis(13)/Hae(14) clust","ecoli_RF_preds",-1.86870935452213,0.737096647967146,-2.53522975538673,0.0112373596381367
"sampling_seasonFall11","Strep(8)/Neis(13)/Hae(14) clust","ecoli_RF_preds",0.108462744851683,0.290158722712808,0.373804874234427,0.708549492853943
"sampling_seasonSpring11","Strep(8)/Neis(13)/Hae(14) clust","ecoli_RF_preds",0.594716325534116,0.272508532288521,2.18237689858626,0.0290817278472202
"sampling_seasonWinter11","Strep(8)/Neis(13)/Hae(14) clust","ecoli_RF_preds",0.38414913697115,0.281407461963266,1.36509932711484,0.172221833514702
"(Intercept)12","Strep(8)/Neis(13)/Hae(14) clust","staph_RF_preds",-1.04247211702676,1.15229499541187,-0.904692046027802,0.365628556084391
"staph_RF_preds2","Strep(8)/Neis(13)/Hae(14) clust","staph_RF_preds",0.0326160431777283,0.125754384066113,0.25936307048016,0.79535512049237
"age12","Strep(8)/Neis(13)/Hae(14) clust","staph_RF_preds",-0.0177502324994165,0.00838717247456248,-2.11635477310754,0.0343146455444517
"gender112","Strep(8)/Neis(13)/Hae(14) clust","staph_RF_preds",0.56909302784029,0.171857503911243,3.31142379522865,0.000928225174285502
"smoked_ever112","Strep(8)/Neis(13)/Hae(14) clust","staph_RF_preds",-0.213245508428766,0.173660652792447,-1.22794372242531,0.219468094882796
"smoked_ever212","Strep(8)/Neis(13)/Hae(14) clust","staph_RF_preds",-1.85708713380755,0.736749064234766,-2.5206508212351,0.0117138027047725
"sampling_seasonFall12","Strep(8)/Neis(13)/Hae(14) clust","staph_RF_preds",0.106218655391797,0.29037330544842,0.365800345275421,0.714514062217307
"sampling_seasonSpring12","Strep(8)/Neis(13)/Hae(14) clust","staph_RF_preds",0.595719504064996,0.272243289911123,2.18818801469625,0.028655909779116
"sampling_seasonWinter12","Strep(8)/Neis(13)/Hae(14) clust","staph_RF_preds",0.381263121970158,0.281558280889358,1.35411794945566,0.175698750524146
"(Intercept)13","Strep(8)/Neis(13)/Hae(14) clust","tetw_RF_preds",-1.37164909202597,1.98814639016177,-0.689913528909891,0.490248567467127
"tetw_RF_preds2","Strep(8)/Neis(13)/Hae(14) clust","tetw_RF_preds",0.0595476014764788,0.192979972482581,0.308568815252857,0.757649545771033
"age13","Strep(8)/Neis(13)/Hae(14) clust","tetw_RF_preds",-0.0178607043551525,0.00835783443617003,-2.13700145552742,0.0325978732345718
"gender113","Strep(8)/Neis(13)/Hae(14) clust","tetw_RF_preds",0.56848848430352,0.171848741613359,3.30807475787374,0.000939397294287874
"smoked_ever113","Strep(8)/Neis(13)/Hae(14) clust","tetw_RF_preds",-0.214969646865962,0.173756600734333,-1.23718837705994,0.216017155530768
"smoked_ever213","Strep(8)/Neis(13)/Hae(14) clust","tetw_RF_preds",-1.85660925555268,0.736619333018848,-2.52044600559673,0.0117206218678879
"sampling_seasonFall13","Strep(8)/Neis(13)/Hae(14) clust","tetw_RF_preds",0.112430770056816,0.290225514380477,0.387391061384844,0.698466720198969
"sampling_seasonSpring13","Strep(8)/Neis(13)/Hae(14) clust","tetw_RF_preds",0.601427276244725,0.272627843072001,2.20603761328181,0.027381366227516
"sampling_seasonWinter13","Strep(8)/Neis(13)/Hae(14) clust","tetw_RF_preds",0.38292961536143,0.281413533752027,1.3607363166082,0.173597033459868
"(Intercept)14","Strep(8)/Neis(13)/Hae(14) clust","meca_RF_preds",-0.758440598095314,0.760174233703593,-0.997719423348733,0.318415431928044
"meca_RF_preds2","Strep(8)/Neis(13)/Hae(14) clust","meca_RF_preds",-0.0103684888089876,0.181159102768524,-0.0572341585409371,0.95435866816603
"age14","Strep(8)/Neis(13)/Hae(14) clust","meca_RF_preds",-0.017956055886382,0.00836554528449039,-2.14642982325041,0.0318387020742824
"gender114","Strep(8)/Neis(13)/Hae(14) clust","meca_RF_preds",0.56915737188466,0.171917799718294,3.31063666948556,0.000930839840157178
"smoked_ever114","Strep(8)/Neis(13)/Hae(14) clust","meca_RF_preds",-0.212946114247992,0.173684528694683,-1.2260511390875,0.220179431240895
"smoked_ever214","Strep(8)/Neis(13)/Hae(14) clust","meca_RF_preds",-1.86523741156117,0.736760324310774,-2.53167461658046,0.0113519279091063
"sampling_seasonFall14","Strep(8)/Neis(13)/Hae(14) clust","meca_RF_preds",0.109522230977183,0.290075452313919,0.377564630524675,0.705754043781052
"sampling_seasonSpring14","Strep(8)/Neis(13)/Hae(14) clust","meca_RF_preds",0.596014840082275,0.27253719296431,2.18691193520998,0.0287489534733239
"sampling_seasonWinter14","Strep(8)/Neis(13)/Hae(14) clust","meca_RF_preds",0.384120363168807,0.281501836247317,1.36453945839037,0.172397844253113
"(Intercept)15","Strep(8)/Gem(27) clust","(Intercept)",-3.23400188305046,1.3099200514293,-2.46885440032903,0.0135546357277847
"KRD_nGoatsWghtDist.3000m.sum3","Strep(8)/Gem(27) clust","KRD_nGoatsWghtDist.3000m.sum",-0.190200079251234,0.121032847209218,-1.57147488171086,0.116072384419705
"KRD_nCowsWghtDist.3000m.sum3","Strep(8)/Gem(27) clust","KRD_nCowsWghtDist.3000m.sum",0.05358619312443,0.069328144997921,0.772935625582321,0.439560479537317
"KRD_nPoultryWghtDist.3000m.sum3","Strep(8)/Gem(27) clust","KRD_nPoultryWghtDist.3000m.sum",0.00053510575482091,0.000511629676821451,1.04588490281742,0.295614175458447
"KRD_nPigsWghtDist.3000m.sum3","Strep(8)/Gem(27) clust","KRD_nPigsWghtDist.3000m.sum",-0.0033311169671652,0.00815241825965644,-0.408604767452839,0.682829731436285
"age15","Strep(8)/Gem(27) clust","age",-0.00546609520757159,0.0178878717864367,-0.305575491194889,0.759927883590504
"gender115","Strep(8)/Gem(27) clust","gender1",-0.23026470515288,0.343356732455926,-0.670628193324962,0.502457417393609
"smoked_ever115","Strep(8)/Gem(27) clust","smoked_ever1",0.47667340836913,0.362863897667763,1.31364241919038,0.188966566599395
"smoked_ever215","Strep(8)/Gem(27) clust","smoked_ever2",-0.475579656510854,1.0575568449396,-0.44969654235278,0.652929264840595
"sampling_seasonFall15","Strep(8)/Gem(27) clust","sampling_seasonFall",0.258541506828493,0.555098400019413,0.465757975197642,0.641388749099071
"sampling_seasonSpring15","Strep(8)/Gem(27) clust","sampling_seasonSpring",-0.40371705238851,0.599492665771271,-0.67343117846006,0.500673018708424
"sampling_seasonWinter15","Strep(8)/Gem(27) clust","sampling_seasonWinter",0.502533589209603,0.530970801730597,0.946442982498645,0.343922690986654
"(Intercept)16","Strep(8)/Gem(27) clust","ecoli_RF_preds",-1.88915631486602,2.03084970340893,-0.930229505263207,0.352252268276037
"ecoli_RF_preds3","Strep(8)/Gem(27) clust","ecoli_RF_preds",-0.354803044480334,0.452397956314014,-0.784271987811681,0.432880532555492
"age16","Strep(8)/Gem(27) clust","ecoli_RF_preds",-0.00540691980674193,0.0180512828919076,-0.299531054890612,0.764534880673087
"gender116","Strep(8)/Gem(27) clust","ecoli_RF_preds",-0.223475095982547,0.342136920121758,-0.653174453967196,0.513643817337391
"smoked_ever116","Strep(8)/Gem(27) clust","ecoli_RF_preds",0.460682395398833,0.364015967209931,1.26555546156346,0.20567228022761
"smoked_ever216","Strep(8)/Gem(27) clust","ecoli_RF_preds",-0.354997105823459,1.05075459968832,-0.337849680533172,0.735476469162262
"sampling_seasonFall16","Strep(8)/Gem(27) clust","ecoli_RF_preds",0.233906175805081,0.551259363738877,0.42431238576816,0.671338007544982
"sampling_seasonSpring16","Strep(8)/Gem(27) clust","ecoli_RF_preds",-0.433270148856262,0.59735834768935,-0.725310277377391,0.468261702154841
"sampling_seasonWinter16","Strep(8)/Gem(27) clust","ecoli_RF_preds",0.530377052993277,0.529183806775267,1.00225488044557,0.316220508048354
"(Intercept)17","Strep(8)/Gem(27) clust","staph_RF_preds",-2.41669020052414,2.35891322255558,-1.02449304934836,0.305602452156225
"staph_RF_preds3","Strep(8)/Gem(27) clust","staph_RF_preds",-0.0936552041701276,0.256726036359705,-0.364806022396985,0.715256209253046
"age17","Strep(8)/Gem(27) clust","staph_RF_preds",-0.00546411533214568,0.018039242229369,-0.30290159989369,0.761964852060178
"gender117","Strep(8)/Gem(27) clust","staph_RF_preds",-0.231053286969477,0.34174131672586,-0.676105801847849,0.498973473300542
"smoked_ever117","Strep(8)/Gem(27) clust","staph_RF_preds",0.458225719142549,0.363723973958561,1.25981720191684,0.207735312842786
"smoked_ever217","Strep(8)/Gem(27) clust","staph_RF_preds",-0.345244516828965,1.05065335526267,-0.328599832760873,0.742458174490796
"sampling_seasonFall17","Strep(8)/Gem(27) clust","staph_RF_preds",0.255167559784044,0.552047879702884,0.462219979762221,0.643923576778175
"sampling_seasonSpring17","Strep(8)/Gem(27) clust","staph_RF_preds",-0.412593766632913,0.597104870385717,-0.690990455941829,0.489571538832213
"sampling_seasonWinter17","Strep(8)/Gem(27) clust","staph_RF_preds",0.534761538520649,0.529311757536542,1.01029597568259,0.312353508638046
"(Intercept)18","Strep(8)/Gem(27) clust","tetw_RF_preds",0.656238823997872,3.80282024939959,0.172566353642795,0.86299230096671
"tetw_RF_preds3","Strep(8)/Gem(27) clust","tetw_RF_preds",-0.390115012049067,0.369420396433142,-1.05601914733387,0.290959467134484
"age18","Strep(8)/Gem(27) clust","tetw_RF_preds",-0.00522544820964619,0.0180764586122413,-0.289074775194492,0.772524156408181
"gender118","Strep(8)/Gem(27) clust","tetw_RF_preds",-0.215249292917169,0.342578164886081,-0.628321694083296,0.529793222848416
"smoked_ever118","Strep(8)/Gem(27) clust","tetw_RF_preds",0.465378552021115,0.36397062990795,1.27861567329982,0.201032427937327
"smoked_ever218","Strep(8)/Gem(27) clust","tetw_RF_preds",-0.352295762213345,1.05063851202827,-0.335315865714112,0.737386826723339
"sampling_seasonFall18","Strep(8)/Gem(27) clust","tetw_RF_preds",0.224868607422293,0.551576443966196,0.407683485910567,0.683506063034236
"sampling_seasonSpring18","Strep(8)/Gem(27) clust","tetw_RF_preds",-0.44395712755053,0.597816105741172,-0.742631594041972,0.457704755080975
"sampling_seasonWinter18","Strep(8)/Gem(27) clust","tetw_RF_preds",0.529395925178329,0.529424680231385,0.999945686224821,0.317336793263787
"(Intercept)19","Strep(8)/Gem(27) clust","meca_RF_preds",-2.82247249356304,1.58154398360648,-1.78463104587632,0.0743211822235779
"meca_RF_preds3","Strep(8)/Gem(27) clust","meca_RF_preds",-0.123562634959975,0.366206472670267,-0.337412482250775,0.735805976325816
"age19","Strep(8)/Gem(27) clust","meca_RF_preds",-0.00526385945794702,0.0180271956218501,-0.291995469975757,0.770290087556772
"gender119","Strep(8)/Gem(27) clust","meca_RF_preds",-0.226549054696937,0.342345646158082,-0.66175532605525,0.508128040978451
"smoked_ever119","Strep(8)/Gem(27) clust","meca_RF_preds",0.461332047255498,0.363939591683048,1.26760610221618,0.204938651667573
"smoked_ever219","Strep(8)/Gem(27) clust","meca_RF_preds",-0.341703454726873,1.05055575884313,-0.32525970359075,0.744984526012018
"sampling_seasonFall19","Strep(8)/Gem(27) clust","meca_RF_preds",0.242943609487813,0.551040113926446,0.440881894707654,0.659298501639726
"sampling_seasonSpring19","Strep(8)/Gem(27) clust","meca_RF_preds",-0.425290964110636,0.597330896900913,-0.711985544891685,0.476473727239584
"sampling_seasonWinter19","Strep(8)/Gem(27) clust","meca_RF_preds",0.531958750816997,0.529102604724744,1.00539809493801,0.314705196831098
"(Intercept)20","Strep(4)/Prev(12)/Veill(6) clust","(Intercept)",-3.78936540496859,1.14102909192096,-3.32100682778304,0.000896933430805437
"KRD_nGoatsWghtDist.3000m.sum4","Strep(4)/Prev(12)/Veill(6) clust","KRD_nGoatsWghtDist.3000m.sum",0.20253046177123,0.0749776287995003,2.70121188165103,0.0069087310107454
"KRD_nCowsWghtDist.3000m.sum4","Strep(4)/Prev(12)/Veill(6) clust","KRD_nCowsWghtDist.3000m.sum",-0.0580939470682818,0.0723825120033704,-0.802596448511993,0.42220802174589
"KRD_nPoultryWghtDist.3000m.sum4","Strep(4)/Prev(12)/Veill(6) clust","KRD_nPoultryWghtDist.3000m.sum",-0.00052965103076297,0.00052354858658322,-1.01165592714054,0.311702595146883
"KRD_nPigsWghtDist.3000m.sum4","Strep(4)/Prev(12)/Veill(6) clust","KRD_nPigsWghtDist.3000m.sum",0.00472555832393635,0.00713916089510296,0.66192069255335,0.50802204956531
"age20","Strep(4)/Prev(12)/Veill(6) clust","age",0.01620128126055,0.015405183275617,1.05167728099627,0.292947637879455
"gender120","Strep(4)/Prev(12)/Veill(6) clust","gender1",-0.135060808747907,0.284302817878956,-0.47505969077454,0.634744428405513
"smoked_ever120","Strep(4)/Prev(12)/Veill(6) clust","smoked_ever1",-0.252922502937508,0.303995392836705,-0.831994526553131,0.405412034001892
"smoked_ever220","Strep(4)/Prev(12)/Veill(6) clust","smoked_ever2",0.898476763993227,0.528444819388039,1.70022816201264,0.0890880169860165
"sampling_seasonFall20","Strep(4)/Prev(12)/Veill(6) clust","sampling_seasonFall",0.430160599707117,0.437269789281274,0.983741868868091,0.325242447928819
"sampling_seasonSpring20","Strep(4)/Prev(12)/Veill(6) clust","sampling_seasonSpring",-0.49627368033744,0.494005457850654,-1.00459149276742,0.315093595361726
"sampling_seasonWinter20","Strep(4)/Prev(12)/Veill(6) clust","sampling_seasonWinter",0.152666779273825,0.44742551400417,0.341211608402827,0.732944284883382
"(Intercept)21","Strep(4)/Prev(12)/Veill(6) clust","ecoli_RF_preds",-2.01101736918317,1.67899184383281,-1.19775291140928,0.2310132239324
"ecoli_RF_preds4","Strep(4)/Prev(12)/Veill(6) clust","ecoli_RF_preds",-0.473566067380107,0.372279874852624,-1.27207001873948,0.20334824248462
"age21","Strep(4)/Prev(12)/Veill(6) clust","ecoli_RF_preds",0.0147186536682991,0.0151539318562099,0.971276221112714,0.331410746702527
"gender121","Strep(4)/Prev(12)/Veill(6) clust","ecoli_RF_preds",-0.144417983628461,0.282806015275926,-0.510660933034104,0.609588500911321
"smoked_ever121","Strep(4)/Prev(12)/Veill(6) clust","ecoli_RF_preds",-0.212890914341295,0.301218403811147,-0.706765960006777,0.479711931641062
"smoked_ever221","Strep(4)/Prev(12)/Veill(6) clust","ecoli_RF_preds",0.729971772996162,0.522013081215172,1.39837831515044,0.161999491464473
"sampling_seasonFall21","Strep(4)/Prev(12)/Veill(6) clust","ecoli_RF_preds",0.396681171439025,0.431487676511962,0.919333721522931,0.357921044815211
"sampling_seasonSpring21","Strep(4)/Prev(12)/Veill(6) clust","ecoli_RF_preds",-0.543485020853058,0.488053173285941,-1.1135774759826,0.265460493749757
"sampling_seasonWinter21","Strep(4)/Prev(12)/Veill(6) clust","ecoli_RF_preds",0.155048682643786,0.444535682958275,0.348787934439762,0.727248522199215
"(Intercept)22","Strep(4)/Prev(12)/Veill(6) clust","staph_RF_preds",-1.4029494684441,1.93358972290287,-0.725567296839928,0.468104075429376
"staph_RF_preds4","Strep(4)/Prev(12)/Veill(6) clust","staph_RF_preds",-0.294715361358341,0.21124369515837,-1.39514394092279,0.162972437858868
"age22","Strep(4)/Prev(12)/Veill(6) clust","staph_RF_preds",0.0137240995212176,0.0151332652054158,0.906882905634012,0.364468721822969
"gender122","Strep(4)/Prev(12)/Veill(6) clust","staph_RF_preds",-0.148747469738248,0.282677142418329,-0.526209754583267,0.598742477254184
"smoked_ever122","Strep(4)/Prev(12)/Veill(6) clust","staph_RF_preds",-0.215563702774298,0.301029563479768,-0.716088148560817,0.473936921243763
"smoked_ever222","Strep(4)/Prev(12)/Veill(6) clust","staph_RF_preds",0.729281370501711,0.522240189092427,1.39644819708167,0.162579569910762
"sampling_seasonFall22","Strep(4)/Prev(12)/Veill(6) clust","staph_RF_preds",0.450134599004553,0.433592057484039,1.03815231675715,0.299199148035782
"sampling_seasonSpring22","Strep(4)/Prev(12)/Veill(6) clust","staph_RF_preds",-0.506128365438997,0.4884853575389,-1.03611778250424,0.30014719714904
"sampling_seasonWinter22","Strep(4)/Prev(12)/Veill(6) clust","staph_RF_preds",0.179548864182755,0.445477099276154,0.4030484720191,0.686912566221758
"(Intercept)23","Strep(4)/Prev(12)/Veill(6) clust","tetw_RF_preds",0.727002298658163,3.11412549213424,0.233453115648181,0.815409572035982
"tetw_RF_preds4","Strep(4)/Prev(12)/Veill(6) clust","tetw_RF_preds",-0.453238029955147,0.302429354492687,-1.49865753182404,0.133962499298018
"age23","Strep(4)/Prev(12)/Veill(6) clust","tetw_RF_preds",0.0149649345346074,0.0151763702583668,0.986068096642356,0.324099697855168
"gender123","Strep(4)/Prev(12)/Veill(6) clust","tetw_RF_preds",-0.139056037261094,0.283073249481333,-0.491236941377831,0.623258873939475
"smoked_ever123","Strep(4)/Prev(12)/Veill(6) clust","tetw_RF_preds",-0.206319758457808,0.301235823363121,-0.684911097738539,0.493400022563879
"smoked_ever223","Strep(4)/Prev(12)/Veill(6) clust","tetw_RF_preds",0.73644592272594,0.521896762228025,1.41109502113404,0.158216597889638
"sampling_seasonFall23","Strep(4)/Prev(12)/Veill(6) clust","tetw_RF_preds",0.395586941720812,0.43178065871542,0.916175687205888,0.359574755256578
"sampling_seasonSpring23","Strep(4)/Prev(12)/Veill(6) clust","tetw_RF_preds",-0.549502714284466,0.488447956810374,-1.12499746722821,0.260590107545529
"sampling_seasonWinter23","Strep(4)/Prev(12)/Veill(6) clust","tetw_RF_preds",0.160697893533081,0.444920379308664,0.361183485869496,0.717962286444887
"(Intercept)24","Strep(4)/Prev(12)/Veill(6) clust","meca_RF_preds",-2.92276041535245,1.32510398365586,-2.20568381908323,0.0274061456433561
"meca_RF_preds4","Strep(4)/Prev(12)/Veill(6) clust","meca_RF_preds",-0.290390030323666,0.307321984010309,-0.94490484063101,0.344707460021117
"age24","Strep(4)/Prev(12)/Veill(6) clust","meca_RF_preds",0.0145713340848109,0.0151363516991817,0.962671479521623,0.335712413747581
"gender124","Strep(4)/Prev(12)/Veill(6) clust","meca_RF_preds",-0.139013912109693,0.282640980300029,-0.491839194592825,0.622833026235672
"smoked_ever124","Strep(4)/Prev(12)/Veill(6) clust","meca_RF_preds",-0.211552431882976,0.301221238730211,-0.702315788802839,0.482482248984797
"smoked_ever224","Strep(4)/Prev(12)/Veill(6) clust","meca_RF_preds",0.740709105564365,0.521813004613465,1.41949146344685,0.155755783876324
"sampling_seasonFall24","Strep(4)/Prev(12)/Veill(6) clust","meca_RF_preds",0.403145735429437,0.43129421392499,0.934734857119025,0.349924958450329
"sampling_seasonSpring24","Strep(4)/Prev(12)/Veill(6) clust","meca_RF_preds",-0.541514628680638,0.487921078996711,-1.10984061150654,0.267067715664929
"sampling_seasonWinter24","Strep(4)/Prev(12)/Veill(6) clust","meca_RF_preds",0.15819272129829,0.44446727253369,0.355915341969974,0.721903965930248
"(Intercept)25","Fuso(72)/Por(76)/Prev(128) clust","(Intercept)",-3.52335436108561,2.00379865766465,-1.75833751939525,0.0786900973430351
"KRD_nGoatsWghtDist.3000m.sum5","Fuso(72)/Por(76)/Prev(128) clust","KRD_nGoatsWghtDist.3000m.sum",-0.0678074671531049,0.167101689733383,-0.405785646221139,0.684900106165096
"KRD_nCowsWghtDist.3000m.sum5","Fuso(72)/Por(76)/Prev(128) clust","KRD_nCowsWghtDist.3000m.sum",0.0186789299859841,0.123113931777835,0.151720684379499,0.879407242262233
"KRD_nPoultryWghtDist.3000m.sum5","Fuso(72)/Por(76)/Prev(128) clust","KRD_nPoultryWghtDist.3000m.sum",0.00101932074113277,0.000705484491677705,1.44485208839777,0.148499436481008
"KRD_nPigsWghtDist.3000m.sum5","Fuso(72)/Por(76)/Prev(128) clust","KRD_nPigsWghtDist.3000m.sum",0.00539154364907403,0.0127652361346709,0.422361450441985,0.672761211101178
"age25","Fuso(72)/Por(76)/Prev(128) clust","age",-0.012931528340087,0.0275941917263763,-0.468632256683429,0.639332516516302
"gender125","Fuso(72)/Por(76)/Prev(128) clust","gender1",-0.136555609901748,0.558906285422921,-0.24432648811315,0.80697797044617
"smoked_ever125","Fuso(72)/Por(76)/Prev(128) clust","smoked_ever1",0.385550198769436,0.61880371292968,0.623057345509576,0.533246838396846
"smoked_ever225","Fuso(72)/Por(76)/Prev(128) clust","smoked_ever2",1.51218359244174,0.896422219671554,1.68690998422128,0.0916206619695024
"sampling_seasonFall25","Fuso(72)/Por(76)/Prev(128) clust","sampling_seasonFall",-0.203669213952694,0.674804662152098,-0.301819512187644,0.762789655551327
"sampling_seasonSpring25","Fuso(72)/Por(76)/Prev(128) clust","sampling_seasonSpring",-2.1671468510136,1.13044856242347,-1.91706807638168,0.0552292836392505
"sampling_seasonWinter25","Fuso(72)/Por(76)/Prev(128) clust","sampling_seasonWinter",-1.0931636786762,0.791267223757463,-1.38153539771953,0.167114401801311
"(Intercept)26","Fuso(72)/Por(76)/Prev(128) clust","ecoli_RF_preds",-5.43292350660662,3.39495663644311,-1.60029245978785,0.109533718809895
"ecoli_RF_preds5","Fuso(72)/Por(76)/Prev(128) clust","ecoli_RF_preds",0.735772022031874,0.762471661062197,0.96498277851648,0.334553437620664
"age26","Fuso(72)/Por(76)/Prev(128) clust","ecoli_RF_preds",-0.0147957956631748,0.0281668563932206,-0.52529098230273,0.599380925233003
"gender126","Fuso(72)/Por(76)/Prev(128) clust","ecoli_RF_preds",-0.113075606624676,0.556525443748319,-0.20318137812907,0.838993267362397
"smoked_ever126","Fuso(72)/Por(76)/Prev(128) clust","ecoli_RF_preds",0.398559427298001,0.6283679328457,0.63427715907309,0.525899960098771
"smoked_ever226","Fuso(72)/Por(76)/Prev(128) clust","ecoli_RF_preds",1.59369564273637,0.872336060593535,1.82692853675224,0.0677105149557675
"sampling_seasonFall26","Fuso(72)/Por(76)/Prev(128) clust","ecoli_RF_preds",-0.271556298870247,0.666919319555583,-0.407180135449074,0.683875690248377
"sampling_seasonSpring26","Fuso(72)/Por(76)/Prev(128) clust","ecoli_RF_preds",-2.21248387758092,1.12846704302249,-1.9606100960246,0.0499245237435839
"sampling_seasonWinter26","Fuso(72)/Por(76)/Prev(128) clust","ecoli_RF_preds",-0.998472702946992,0.779348981135841,-1.28116251783867,0.200136588491059
"(Intercept)27","Fuso(72)/Por(76)/Prev(128) clust","staph_RF_preds",-3.36221626475626,3.88246089117075,-0.866001322100216,0.386489436762833
"staph_RF_preds5","Fuso(72)/Por(76)/Prev(128) clust","staph_RF_preds",0.0788186261607,0.42961017088604,0.183465456597879,0.854432820360008
"age27","Fuso(72)/Por(76)/Prev(128) clust","staph_RF_preds",-0.0155324838060216,0.0283175587423075,-0.548510694278723,0.583341288166966
"gender127","Fuso(72)/Por(76)/Prev(128) clust","staph_RF_preds",-0.12673236469693,0.555652405302436,-0.228078495634246,0.819585217530225
"smoked_ever127","Fuso(72)/Por(76)/Prev(128) clust","staph_RF_preds",0.399953437999181,0.629058408643537,0.635796982448127,0.524908754522816
"smoked_ever227","Fuso(72)/Por(76)/Prev(128) clust","staph_RF_preds",1.5550503171935,0.868517388247608,1.79046538185159,0.0733791276651879
"sampling_seasonFall27","Fuso(72)/Por(76)/Prev(128) clust","staph_RF_preds",-0.289711487020063,0.666181109136483,-0.434883972311363,0.663646648938538
"sampling_seasonSpring27","Fuso(72)/Por(76)/Prev(128) clust","staph_RF_preds",-2.24747547559066,1.1276706690934,-1.99302468104233,0.0462587445348197
"sampling_seasonWinter27","Fuso(72)/Por(76)/Prev(128) clust","staph_RF_preds",-0.999787032649601,0.779963022380236,-1.28183901539142,0.199899124645589
"(Intercept)28","Fuso(72)/Por(76)/Prev(128) clust","tetw_RF_preds",-9.61784526260181,7.37747312402152,-1.30367743818483,0.192343585164047
"tetw_RF_preds5","Fuso(72)/Por(76)/Prev(128) clust","tetw_RF_preds",0.693934716918525,0.717284587442917,0.967446853127525,0.333320697513517
"age28","Fuso(72)/Por(76)/Prev(128) clust","tetw_RF_preds",-0.0148729469516943,0.0281476510473081,-0.528390341584708,0.597228439727381
"gender128","Fuso(72)/Por(76)/Prev(128) clust","tetw_RF_preds",-0.11560886311304,0.555916311549787,-0.207960911941484,0.835259487827092
"smoked_ever128","Fuso(72)/Por(76)/Prev(128) clust","tetw_RF_preds",0.384324672986824,0.629205623892437,0.61080934180036,0.541325808175326
"smoked_ever228","Fuso(72)/Por(76)/Prev(128) clust","tetw_RF_preds",1.58663840712051,0.872359285369359,1.81879007162597,0.0689434636824855
"sampling_seasonFall28","Fuso(72)/Por(76)/Prev(128) clust","tetw_RF_preds",-0.270951734315665,0.667167923642002,-0.406122244061985,0.684652782414937
"sampling_seasonSpring28","Fuso(72)/Por(76)/Prev(128) clust","tetw_RF_preds",-2.21450912374756,1.12820552949227,-1.96285966152298,0.0496624830671228
"sampling_seasonWinter28","Fuso(72)/Por(76)/Prev(128) clust","tetw_RF_preds",-1.00382754824176,0.77963814133338,-1.28755571979195,0.197900661704742
"(Intercept)29","Fuso(72)/Por(76)/Prev(128) clust","meca_RF_preds",-4.57773929780185,2.58859259759683,-1.76842787159775,0.0769894005064351
"meca_RF_preds5","Fuso(72)/Por(76)/Prev(128) clust","meca_RF_preds",0.651704101628808,0.6107491611649,1.06705689187652,0.285946146338228
"age29","Fuso(72)/Por(76)/Prev(128) clust","meca_RF_preds",-0.0134130433537272,0.0282225114151198,-0.475260445693056,0.634601348256756
"gender129","Fuso(72)/Por(76)/Prev(128) clust","meca_RF_preds",-0.134314105876557,0.556395950427332,-0.241400221862505,0.809244940813712
"smoked_ever129","Fuso(72)/Por(76)/Prev(128) clust","meca_RF_preds",0.374265140539838,0.625557564232083,0.598290488261102,0.549646122180711
"smoked_ever229","Fuso(72)/Por(76)/Prev(128) clust","meca_RF_preds",1.57707967885777,0.870572671872249,1.81154282670752,0.0700568659526747
"sampling_seasonFall29","Fuso(72)/Por(76)/Prev(128) clust","meca_RF_preds",-0.277026811547243,0.666791478011363,-0.415462435682962,0.677803408692311
"sampling_seasonSpring29","Fuso(72)/Por(76)/Prev(128) clust","meca_RF_preds",-2.19526126055023,1.12870377220403,-1.94494012920992,0.0517821845193534
"sampling_seasonWinter29","Fuso(72)/Por(76)/Prev(128) clust","meca_RF_preds",-1.01222862276787,0.779317661630409,-1.29886524148597,0.193990180034087
