"ecoli_copiespm3.ln.diffmeth.mean","MindistPigs15.NEG.95Win.10to90scaled","MindistPoultry250.NEG.95Win.10to90scaled","MindistCows5.NEG.95Win.10to90scaled","MindistHorses5.NEG.95Win.10to90scaled","MindistGoats50.NEG.95Win.10to90scaled","MindistSheep50.NEG.95Win.10to90scaled","MinDistAnyFarm.NEG.95Win.10to90scaled","MindistPigs15.INV.95Win.10to90scaled","MindistPoultry250.INV.95Win.10to90scaled","MindistCows5.INV.95Win.10to90scaled","MindistHorses5.INV.95Win.10to90scaled","MindistGoats50.INV.95Win.10to90scaled","MindistSheep50.INV.95Win.10to90scaled","MinDistAnyFarm.INV.95Win.10to90scaled","npigs.500m.95Win.10to90scaled","npoultry.500m.95Win.10to90scaled","ncows.500m.95Win.10to90scaled","nhorses.500m.95Win.10to90scaled","npigs.1000m.95Win.10to90scaled","npoultry.1000m.95Win.10to90scaled","ncows.1000m.95Win.10to90scaled","nhorses.1000m.95Win.10to90scaled","nsheep.1000m.95Win.10to90scaled","npigs.3000m.95Win.10to90scaled","npoultry.3000m.95Win.10to90scaled","ncows.3000m.95Win.10to90scaled","nhorses.3000m.95Win.10to90scaled","ngoats.3000m.95Win.10to90scaled","nsheep.3000m.95Win.10to90scaled","AllFarm.250m.95Win.10to90scaled","AllFarm.500m.95Win.10to90scaled","AllFarm.1000m.95Win.10to90scaled","AllFarm.3000m.95Win.10to90scaled","PigFarm.500m.95Win.10to90scaled","PoultryFarm.500m.95Win.10to90scaled","CattleFarm.500m.95Win.10to90scaled","PigFarm.1000m.95Win.10to90scaled","PoultryFarm.1000m.95Win.10to90scaled","CattleFarm.1000m.95Win.10to90scaled","HorseFarm.1000m.95Win.10to90scaled","PigFarm.3000m.95Win.10to90scaled","PoultryFarm.3000m.95Win.10to90scaled","CattleFarm.3000m.95Win.10to90scaled","HorseFarm.3000m.95Win.10to90scaled","GoatFarm.3000m.95Win.10to90scaled","SheepFarm.3000m.95Win.10to90scaled","npigsWghtDist.1000m.sum.95Win.10to90scaled","npoultryWghtDist.1000m.sum.95Win.10to90scaled","ncowsWghtDist.1000m.sum.95Win.10to90scaled","nhorsesWghtDist.1000m.sum.95Win.10to90scaled","nsheepWghtDist.1000m.sum.95Win.10to90scaled","npigsWghtDist.3000m.sum.95Win.10to90scaled","npoultryWghtDist.3000m.sum.95Win.10to90scaled","ncowsWghtDist.3000m.sum.95Win.10to90scaled","nhorsesWghtDist.3000m.sum.95Win.10to90scaled","ngoatsWghtDist.3000m.sum.95Win.10to90scaled","nsheepWghtDist.3000m.sum.95Win.10to90scaled","nAnyFarmWghtDist.1000m.sum.95Win.10to90scaled","nPigFarmWghtDist.1000m.sum.95Win.10to90scaled","nPoultryFarmWghtDist.1000m.sum.95Win.10to90scaled","nCattleFarmWghtDist.1000m.sum.95Win.10to90scaled","nHorseFarmWghtDist.1000m.sum.95Win.10to90scaled","nAnyFarmWghtDist.3000m.sum.95Win.10to90scaled","nPigFarmWghtDist.3000m.sum.95Win.10to90scaled","nPoultryFarmWghtDist.3000m.sum.95Win.10to90scaled","nCattleFarmWghtDist.3000m.sum.95Win.10to90scaled","nHorseFarmWghtDist.3000m.sum.95Win.10to90scaled","nGoatFarmWghtDist.3000m.sum.95Win.10to90scaled","nSheepFarmWghtDist.3000m.sum.95Win.10to90scaled"
2.601981178,-1.48394840495196,-1.5986353539788,-1.40907120218815,-1.49103949410188,-0.590437009573849,-1.13009049101803,-1.50861401607964,0.175961748566474,0.0884910202732866,0.18055959815082,0.271822497075694,0.60283599178087,0.376104555455691,0.113572271899766,0,0,0,0,0,0,0,0,0,0.332732156853792,0.0279786073419656,0.628835610833811,0.0698739977090493,0.162902258644813,0.936642027455121,0,0,0,0.971428571428571,0,0,0,0,0,0,0,0.466666666666667,0.133333333333333,1.27777777777778,0.2,0.5,1,0,0,0,0,0,0.227835220605666,0.0140433420085015,0.343613584930876,0.0459653294445626,0.098629549092381,0.609865656982203,0,0,0,0,0,0.508858871801483,0.239191346340103,0.0692473308754983,0.947182506385097,0.10034750582763,0.365919639778191,0.444386144244154
2.611957775,-0.5288416258147,-0.344630531519158,-0.348847993723665,-1.49103949410188,-1.28097788618958,-0.62802972259357,-0.417106808602413,0.493755308538421,0.410482879939863,0.7293183517444,0.271822497075694,0.277863635572118,0.676770751790322,0.41077419269889,0.0326797385620915,0.0175015556938395,0.422391857506361,0,0.174477438619774,0.00591638180383907,0.32262156448203,0.0198675496688742,0,0.300694777374457,0.034973259177457,0.438916618934621,0.117983963344788,0,0.921858500527983,0,0.428571428571429,0.388888888888889,0.842857142857143,0,1,1,0.285714285714286,0.333333333333333,0.571428571428571,0,0.4,0.133333333333333,1.08333333333333,0.4,0,0.666666666666667,0.118339129647487,0.00627645478325714,0.391644602304744,0.0138671341177059,0,0.234357160768363,0.0211584197375842,0.40958190034567,0.0948686383752471,0,1.12817075701452,0.340044040021183,0.161888296676652,0.250361601490337,0.607862931920558,0,0.72363576975309,0.295423879071251,0.20072161579056,1.35287967351304,0.234658271791675,0,0.508313941926953
2.466055695,-0.636028524412206,-1.24630308710284,-0.275211950944486,-0.560501257709453,-0.88907880037699,-0.422884726996536,-0.329062458758557,0.410544960016353,0.113507595059631,0.924455723928771,0.72309978332011,0.400343044212653,1.00507781418019,0.5206814730144,0,0,0.310432569974555,0,0.237101857996019,0,0.309513742071882,0.0662251655629139,0.678571428571429,0.243217740033027,0.0638109759149098,0.532035021683987,0.104238258877434,0.0799520287827304,1.51531151003168,0.5,0.285714285714286,0.5,1.07142857142857,0,0,1,0.285714285714286,0,0.857142857142857,0,0.4,0.266666666666667,1.38888888888889,0.4,0.5,1.33333333333333,0.188956480435332,0,0.423216972000064,0.0855451805771934,0.304351172862214,0.236011143885893,0.0453343827603144,0.449786585137463,0.117136114487974,0.037300120911037,1.19409760417364,0.427636237697348,0.226483642006091,0,0.862911064871612,0,0.814973675207457,0.31119324286627,0.163752587055389,1.5186950169025,0.256411726815295,0.243007027654793,1
3.55637916,-1.03221222232184,-0.306454030008406,-0.823625662544329,-0.616990560921158,-0.342172142865885,-1.13037022391736,-0.546484587314945,0.252969697717284,0.461618802968581,0.308904076410316,0.656895444678734,1.04022606961882,0.376011133339132,0.313525225820587,0.000139062717285496,0.775474486621033,0.00381679389312977,0.0833333333333333,0.508087259455873,1.01550092032606,0.0372093023255814,0.198675496688742,0.228571428571429,0.675014648920546,0.443439740565644,1.12519433761558,0.326460481099656,1.21826903857685,0.908130939809926,0,0.142857142857143,0.5,1.4,0,1,0,0.142857142857143,1,0.428571428571429,0.25,0.766666666666667,0.533333333333333,1.27777777777778,1.1,1,0.333333333333333,0.334856936339234,0.752222637773045,0.0301135265452506,0.21051472101617,0.237961095679588,0.573945168385872,0.557501154312639,0.724634759074969,0.319053769264607,1.31619851846842,0.660518681666984,0.337881773970079,0.0847811462078825,0.57669637384385,0.267133509930266,0.216308053384875,0.968234442720338,0.486548916677644,0.580554229477954,1.1626570088368,0.698300006292277,0.874206432570055,0.117903355788989
3.852053633,-0.621006071027047,-0.683967288154959,-0.770335715404942,-1.14301474495296,-0.902266677176997,-0.71162992079586,-0.756651967097172,0.420476332288954,0.206829929767618,0.330273270079296,0.354587231599183,0.39449104950633,0.597265309146669,0.226440631964311,0,0,0,0,0.158966489714665,0.0609168200543431,0.182663847780127,0.0794701986754967,0,0.857962544422376,0.207349805991412,1.3174044677195,0.902634593356243,1,0.856388595564942,0,0,0.5,1.85714285714286,0,0,0,0.285714285714286,0.333333333333333,0.571428571428571,0.5,1.2,0.4,1.75,1.9,0.5,0.333333333333333,0.167649170190315,0.0325622086295362,0.12305665726116,0.0775899838576662,0,0.710247678762342,0.169947371449003,0.853654385135962,0.809799371097187,0.459802760421995,0.628819007231117,0.305696314189433,0.229466144525099,0.126149651991189,0.354439569662642,0.394888682149138,1.23672358713716,0.806824503420245,0.311789228024406,1.59369421869362,1.50709869429805,0.23945488441166,0.151380307634341
2.718172068,-0.891776268192867,-1.5986353539788,-0.799908841319042,-0.61981421524491,-2.03241545625154,-0.827364913820043,-0.856962570577056,0.292807084629997,0.0884910202732866,0.318062783669085,0.653903050783015,0.17512994758563,0.51371774923571,0.199934923149174,0,0,0,0,0.175431320504313,0,0.147991543340381,0.675496688741722,0.107142857142857,0.164547329330563,0.106003256274835,0.242942476065788,0.625429553264605,0,0.423442449841605,0,0,0.5,0.557142857142857,0,0,0,0.428571428571429,0,0.428571428571429,0.75,0.333333333333333,0.2,0.444444444444444,0.8,0,0.333333333333333,0.116543101332769,0,0.114550637264194,0.640546180485678,0.0450028100300135,0.149207938464925,0.049094755149421,0.18290373571997,0.669425048030632,0,0.379385711399383,0.285161680301833,0.255098790366785,0,0.255352935987417,0.622054128510893,0.429702184651508,0.275362857856196,0.0833145258283634,0.463071181627092,0.810761417602638,0,0.222534616713008
2.156317792,-1.21492540272892,-0.0655291565723536,-0.443262765919651,-1.32468222508346,-2.03241545625154,-0.747708096861968,-0.116854962179994,0.214925319217173,2.15880933301942,0.573973947199377,0.305958987947787,0.17512994758563,0.568446196914493,1.46623399932124,0,0.51791640738436,0.0763358778625954,0,0,0.175081076343238,0.296828752642706,0,0,0.284151009443798,0.113967116962323,0.592586531380411,0.222222222222222,0,0.270327349524815,0.5,0.285714285714286,0.333333333333333,1.05714285714286,0,1,0.5,0,0.333333333333333,0.714285714285714,0,0.666666666666667,0.266666666666667,1.08333333333333,1,0,0,0,0.976824606784748,0.198489552369858,0,0,0.221780336394266,0.56247996306384,0.453784183381381,0.188389303375669,0,0.22289693212436,0.49437687671425,0,1.31670037494916,0.478243432643038,0,0.932262241637067,0.429453335042499,0.998002527381897,1.17190391999811,0.642267707393861,0,0
3.237205135,-0.278170075046649,-0.177075569048421,-0.747987249012346,-0.245137868721958,-2.03241545625154,-0.39911051822012,-0.315770261765953,0.938700258334185,0.798895969025933,0.340141110561178,1.65334864512024,0.17512994758563,1.06494850508506,0.542599299433347,1,0.93476457166563,0,0.458333333333333,0.68057398805574,0.315996143395565,0.317547568710359,0.0794701986754967,0.785714285714286,0.214140583978266,0.106126701120012,0.325505277800507,0.134020618556701,0,0.280887011615628,1.5,0.714285714285714,0.777777777777778,0.714285714285714,1,2,0,1,0.666666666666667,0.571428571428571,0.25,0.5,0.2,0.666666666666667,0.7,0,0,0.834133148436204,0.625252661570156,0.280408131143256,0.182555878994417,0.411424902563352,0.451375310760182,0.358066179071641,0.319047264035065,0.183747552097922,0,0.421111524216555,0.794690994991194,1,0.949550386975912,0.385785454737101,0.446253033766389,0.833826870253265,0.667922268635023,0.678295580578287,0.773447690442879,0.766339278342554,0,0
3.360324435,-0.451831585738759,-0.864831117940251,-0.44050455171397,-0.690311172820246,-0.502155004556924,-0.148485536138822,-0.406381473637197,0.577910620953616,0.163575326378327,0.577567843641074,0.587124132165033,0.708818369408118,2.86244801381359,0.421615550022165,0.017104714226116,0,0.213740458015267,0.0833333333333333,0.020985401459854,8.76501007976159e-05,0.149260042283298,0.43046357615894,0.714285714285714,0.132821952834281,0.609018480026958,0.191882824646101,0.25085910652921,0.913451928842694,0.575501583949314,0,0.714285714285714,0.611111111111111,0.742857142857143,0,0,1.5,0.142857142857143,0,0.857142857142857,0.75,0.266666666666667,0.733333333333333,0.527777777777778,1,0.5,1,0.0177522169290072,4.38012743577483e-05,0.153975172561333,0.421820827222354,1,0.108698089135811,0.483245895621017,0.17226954457722,0.332073438659608,0.666591740192473,0.980109758814869,0.528870581581355,0.0759225209318141,0,0.854865842979793,0.591206274150506,0.727190680009662,0.179817952295938,0.508512430869776,0.868974849414161,0.885188138464517,0.430250625274982,1.34881610667076
3.910907793,-0.738557433987179,-0.175623154373575,-0.749197381783146,-0.147214755533009,-0.389057748040328,-0.991623915458063,-0.203540887294092,0.353551742610338,0.805502829066272,0.339591832436474,2.75310946311107,0.914868006338482,0.428622281496944,0.841780334667729,0,0.469702862476665,0,0.416666666666667,0.770902455209025,0.992795161714436,0.626638477801268,0.357615894039735,0,0.577639278892618,1.17664290075368,0.5092872923656,0.443298969072165,0.478512892264641,0.434002111932418,1,0.285714285714286,0.888888888888889,1.32857142857143,0,1,0,0.428571428571429,1,0.857142857142857,1,0.633333333333333,1.2,1,1.4,0.5,1,0.600119195122596,0.752485768425395,0.429429228400191,0.603089637583329,0,0.540531805882247,1.05051572734785,0.410251422794708,0.485325843163857,0.508778342506183,0.289977704385126,0.77815965670812,0.317358982613843,0.724163522915702,0.564115945778598,1.56004339442964,1.09778029424171,0.445723230973285,1.01583601550991,1.00895679955677,1.79412580212887,0.555322137178659,0.537209172513161
3.904440602,-1.48394840495196,-1.5986353539788,-1.40907120218815,-1.17744089835124,-1.63230102467231,-1.21767386666852,-1.50861401607964,0.175961748566474,0.0884910202732866,0.18055959815082,0.344219574127994,0.21805836104968,0.349052409807389,0.113572271899766,0,0,0,0,0,0,0,0,0,0.253270323950414,0.100340641045745,0.231159479584322,0.544100801832761,0,0.578669482576558,0,0,0,0.814285714285714,0,0,0,0,0,0,0,0.666666666666667,0.133333333333333,0.416666666666667,1.8,0,1,0,0,0,0,0,0.197257121166053,0.0536581471979842,0.139706052999465,0.422299367204232,0,0.320699710431605,0,0,0,0,0,0.477621736283436,0.385681227435682,0.0596719027145804,0.318521914681462,1.11810166742905,0,0.376797644423822
3.637172401,-0.446031811208154,-1.5986353539788,-0.357896122583911,-0.309505037114717,-1.27841926978144,-1.42882431954566,-0.427925377780456,0.585425396752672,0.0884910202732866,0.710880256105138,1.30950501157113,0.278419776411792,0.297469710294795,0.400389298594679,0.472256987901544,0,0.0636132315521628,0.958333333333333,0.301177836761778,0,0.0211416490486258,0.311258278145695,0.0571428571428571,0.260956251093913,0.100125446653477,0.105310531053105,0.487972508591065,0.000999400359784129,0.12882787750792,0,0.571428571428571,0.388888888888889,0.7,1,0,0.5,0.571428571428571,0,0.142857142857143,0.5,0.6,0.0666666666666667,0.277777777777778,1.8,0,0.333333333333333,0.364133836060008,0,0.0411158734690407,0.424501140078346,0.075972399104448,0.284090484118002,0.0437854135581682,0.0710863621108111,0.464226438326914,0.000435271712391349,0.114200473066129,0.390922355393165,0.589167789445259,0,0.237817883638235,0.593791113711918,0.551371278545274,0.545581916495037,0.0256024566406338,0.327234772413993,1.28425632382892,0,0.129234333080983
3.856292811,-0.272226564665793,-0.119270990108206,-0.277408505580967,-0.587861873713019,-0.476855270867151,-0.776600676098827,-0.21269016369646,0.959194740978568,1.18608018354174,0.91713566622087,0.689444760206942,0.746424808887806,0.54729816796008,0.805569563013573,0.110554860241969,1.34567517112632,0.750636132315522,0.0416666666666667,0.0528782349037824,1,0.967019027484144,0.728476821192053,0,0.539323790607949,0.765443116948977,1.18852794370346,1.16723940435281,1.33559864081551,1.4181626187962,1,0.571428571428571,0.722222222222222,1.61428571428571,0,2,1,0.142857142857143,1.33333333333333,0.857142857142857,0.5,0.633333333333333,1.13333333333333,1.55555555555556,1.3,1,0.666666666666667,0.0947744406063456,1.06643187540851,0.848749884354799,0.819592192748703,0,0.441879837379325,1.03539660511528,1.00079108809515,1.10122777886311,1.31619851846842,1.02637979593879,0.75162650827468,0.0800707544297002,1.31670037494916,0.821570444448766,0.503370363455803,1.33432280898897,0.380118101996941,1.26858215204864,1.72451672758704,1.10065872498108,1.52217430539315,0.329006171525857
4.351929115,-0.799313276429503,-0.382507899780391,-0.24730979063989,-0.213871067890337,-0.220519151477638,-0.389776034564634,-0.295700704506983,0.326678423280386,0.369835355957946,1.02875538378913,1.8950594269331,1.61408505580999,1.09045193754248,0.579426201534442,0,0.155841630367144,1.42239185750636,1,0.340369940278699,0.186786747304759,1.14756871035941,1.05298013245033,3.05,1.19425610118028,1.22193131128453,1.51558792242861,0.596792668957617,1.33559864081551,1.51531151003168,0.5,0.857142857142857,1.16666666666667,1.97142857142857,0,1,1.5,0.142857142857143,0.666666666666667,1.14285714285714,0.75,1.23333333333333,1.4,1.75,1.3,1,1.33333333333333,0.260900674707572,0.135369311918132,1.41063161113408,1.36665014510916,2.10987285159314,0.921427117386396,1.04381724256223,1.439333280065,0.884963649670161,1.14709631212667,1.98775127863382,0.996139662640745,0.0968182727205146,0.375180534430917,1.58336976032589,0.639540389294786,1.66690353808529,0.722101605980887,1.00705794368325,1.95407057820414,1.02646999523654,0.605882539468625,1.04565254553637
3.849815281,-0.938114879859457,-0.473498034232493,-0.129529253822745,-0.646136418023487,-0.272447459110356,-0.218753801184109,-0.154874141903348,0.278343630282546,0.298765676184914,1.96419919756532,0.627264421239673,1.30644122102844,1.94296982465635,1.10629649966969,0,0,0.56234096692112,0.125,0.671781685467817,0.0526820930844071,1.123044397463,0.158940397350993,3.05,1.20606655556317,1.22193131128453,1.5411995745029,0.528064146620848,1.33559864081551,1.51531151003168,0.5,0.428571428571429,1.05555555555556,1.97142857142857,0,0,1,0.428571428571429,0.333333333333333,1.14285714285714,0,1.26666666666667,1.4,1.75,1.1,1,1.33333333333333,0.422735766407371,0.0406777387356451,1.41063161113408,0.284250507581324,2.10987285159314,0.973011163919864,1.05304233963836,1.439333280065,0.627022476869564,1,1.98775127863382,0.927537674738829,0.250102853187659,0.182223076321616,1.58336976032589,0,1.6645409203874,0.791017716301607,0.884463522302281,1.95407057820414,0.776211484508088,0.561794212193159,1.34881610667076
3.496523438,-0.197932446039025,-0.222697264602348,-0.836151953560815,-0.539097063607447,-0.428129536409447,-0.446098767325123,-0.241166683604386,1.31922950860115,0.63523436293787,0.304276281842019,0.751809771739278,0.831376138401797,0.952775925442708,0.710449413424598,0.260186344041163,0.453744036506949,0,0,0.168339416058394,0.153387676395828,0.261733615221987,0.390728476821192,0.357142857142857,0.570782823094309,0.636220552565818,0.973160952458882,1.24513172966781,0.827303617829302,0.278775079197466,0.5,0.428571428571429,0.555555555555556,1.48571428571429,0.5,2,0,0.285714285714286,0.666666666666667,0.428571428571429,0.5,0.733333333333333,0.933333333333333,1.33333333333333,1.5,1,0.666666666666667,0.231894433466603,0.181576402624631,0.171509623852038,0.499552181171236,0.166426748953536,0.457097016634444,0.444310572518355,0.667225103672934,1.13309945128014,0.674179763435725,0.265546635538004,0.530082279867216,0.582994235865964,0.617277872076695,0.26197792791993,0.489615615719263,1.13744579698065,0.674586472274019,0.883508529697171,1.19779864325162,1.23164828428772,0.875484067874541,0.260778191383587
4.369954099,-0.785522815879477,-0.622038317732323,-0.125518290850453,-0.692243365447822,-0.658295230703174,-0.798499617784447,-0.150078356934264,0.332413406945066,0.227421612962496,2.02696559640273,0.585485357133851,0.540694055061208,0.532288616354025,1.14164843720066,0,0,0.278625954198473,0,0.0846881220968812,0.0637391533000263,0.254968287526427,0.28476821192053,0.0714285714285714,0.42271077323471,0.621490579823774,1.00294574912037,1.21191294387171,0.827303617829302,0.389651531151003,0.5,0.142857142857143,0.444444444444444,1.35714285714286,0,0,0.5,0.285714285714286,0.666666666666667,0.285714285714286,0.25,0.666666666666667,0.866666666666667,1.25,1.3,1,0.333333333333333,0.0696056943435456,0.033667511628388,0.638619104308035,0.276012639526201,0.0366356731024208,0.370125168721511,0.375262807057434,0.848086776632474,0.908488340611314,0.485142976703495,0.290137320920199,0.45550622774604,0.204886133603799,0.258837744953185,0.772519984115858,0.23110373402321,1.04293714362292,0.507716527457812,0.584554954229131,1.4764490247725,0.930887646248451,0.618434942995269,0.12785524649472
4.141771108,-0.0620887081583178,-0.30370973945661,-0.578469227441158,-0.355994589540974,-0.683203098329612,-0.499125888863352,-0.0756506986877222,4.20556841450478,0.465789920434039,0.439818241172692,1.13849588851364,0.520982072892542,0.851553062151479,2.26483988852713,1.33166458072591,0.0285210537232939,0.0318066157760814,2.04166666666667,0.904072660915727,0.00964151108773775,0.304862579281184,1.18543046357616,1.38571428571429,0.32188815073549,0.105233394166063,0.831601341952377,1.27262313860252,0.585048970617629,0.413938753959873,1.5,1.14285714285714,1.11111111111111,1.5,2,1,0.5,1.28571428571429,0.333333333333333,0.857142857142857,1,0.733333333333333,0.266666666666667,1.66666666666667,1.7,0.5,0,1.49054183627802,0.0116064217411551,0.223260923139145,1.36665014510916,0.593132067190315,1.39769172762065,0.0520472442297139,0.607212681388291,1.3202333114718,0.357952890741717,0.497370151416432,1.38712692629264,1.6286995865276,0.284094455912528,0.601577619932174,1.03495981387147,1.71282564275265,1.86304165828721,0.274979786146387,1.60215385470577,1.60695324450514,0.316234556401587,0
2.298491387,-0.826850508391775,-0.668832117527259,-0.427896561516105,-0.425932203367627,-1.09301856373823,-0.91397957670844,-0.511622748007856,0.315798783045101,0.21151034203792,0.594585987931888,0.951556040946098,0.325644949239905,0.465034356788727,0.334888843258383,0,0,0.519083969465649,0.875,0.0511363636363636,0.00510123586642125,0.885835095137421,0.377483443708609,0.214285714285714,0.256572989673462,0.0369375335719934,0.749447672039931,0.744558991981672,0.00279832100739556,0.695881731784583,0,0.285714285714286,0.722222222222222,1.28571428571429,0,0,0.5,0.285714285714286,0.333333333333333,1,0.75,0.566666666666667,0.266666666666667,1.5,1.4,0,0.333333333333333,0.0318271009109213,0.00279549408554058,0.743314273645132,0.445173173404767,0.207020978509425,0.199439578185672,0.0245034600984892,0.720089374226273,0.777143067203939,0.00225157166268321,0.619722336772416,0.497767106843977,0.189026552252631,0.129004327713108,0.736161618040507,0.793770718643759,0.969699890276585,0.398959030363612,0.20880462869795,1.56285758322562,1.24471960997099,0,0.165862635579946
3.298104193,-1.20222960468642,-0.749622160789716,-0.961055568407526,-0.974922254295593,-1.03668362285205,-1.11117510463245,-1.14910456198748,0.21719499473111,0.188715033139093,0.264730994829456,0.415723937793279,0.343341328991589,0.382507191892249,0.149104517147205,0,0,0,0,0,0.00964151108773775,0.06553911205074,0.529801324503311,0,0.344938322337131,0.00283339283152448,0.886588658865887,1.27262313860252,0.00219868079152508,0.499472016895459,0,0,0.277777777777778,1.48571428571429,0,0,0,0,0.333333333333333,0.428571428571429,0.25,0.733333333333333,0.133333333333333,1.75,1.6,0,0,0,0.00470234673824434,0.0431747459592239,0.393452346531695,0,0.31769599481869,0.00290844791373087,0.549437392853687,0.955320645699941,0.00217952404443299,0.381282855874436,0.145996927727391,0,0.115101019387038,0.24679118356865,0.168109173231002,0.97039335188984,0.559500425222996,0.104856439737864,1.55610163507635,0.99464695781762,0,0
3.472456057,-0.730815439198597,-0.587114122897047,-0.868161585796391,-0.955515818547978,-0.395037000902371,-0.587885352087783,-0.890446914214656,0.357297235859463,0.240949712552335,0.293057571002833,0.42416688813149,0.901021078934996,0.722984901053093,0.19241656586635,0,0,0,0,0.14279197080292,0.168919274257165,0.251585623678647,0.344370860927152,0.0714285714285714,0.365804473057401,0.636178848226231,0.858440389493495,1.19931271477663,0.827303617829302,0.455121436114044,0,0,0.5,1.41428571428571,0,0,0,0.285714285714286,1,0.428571428571429,0.25,0.6,0.933333333333333,1.33333333333333,1.5,1,0,0.0967071678613797,0.0894491809204388,0.185184333559729,0.250527592804054,0.0295422992164975,0.267037236524416,0.368626628432537,0.598955784259303,1.09687449045991,0.779358496518691,0.342898922761119,0.282697567610769,0.200456341119564,0.375640938508466,0.258212208298703,0.163615669060211,0.924798083638559,0.394531901282899,0.64869304938191,1.17245781954139,1.09921053145247,1,0
4.763248094,-0.686579809634413,-0.431150289121681,-0.231806024319346,-1.04130024997764,-0.534321285588253,-0.280925726883413,-0.277163328321291,0.380317569544056,0.328110558191298,1.09756110403218,0.389223424706163,0.666146803768263,1.51296956694017,0.618179667861324,0,0,1.06106870229008,0,1.41842236230922,1.22392409501271,1.14756871035941,0.185430463576159,3.05,1.28134298259632,1.22193131128453,1.36306357908518,0.797250859106529,0.827703377973216,1.51531151003168,1,0.428571428571429,1.22222222222222,1.97142857142857,0,0,1,0.857142857142857,1.33333333333333,1,0,1.5,1.26666666666667,1.75,1.6,0.5,1.33333333333333,1.09588256977945,1.06643187540851,1.3528872186381,0.131817565305205,2.10987285159314,1.24535535411817,1.12995076581216,1.36476503242173,0.670059968093654,0.58593897672977,1.98775127863382,0.844086799537194,0.604089972786815,0.729922089233171,1,0,1.71282564275265,1.06100340910676,1.01370857604888,1.95407057820414,1.01365314910259,0.404349112856024,1.11050240895342
3.268081255,-0.994091320559835,-0.546481279335127,-0.777142442931103,-0.800301506964915,-0.281005712791369,-0.683737998101319,-0.929205298675868,0.262670445934849,0.258865152847824,0.327380503575152,0.506431920420091,1.26665266338134,0.621629958217764,0.184390618636961,0,0,0,0,0.0351692103516921,0.0792356911210448,0.490909090909091,1,0.285714285714286,0.269707554277104,0.462907326284744,0.741919646510106,1.11340206185567,0.828303018189087,0.421330517423442,0,0,0.722222222222222,1.25714285714286,0,0,0,0.142857142857143,0.666666666666667,0.714285714285714,0.75,0.5,0.866666666666667,1.19444444444444,1.3,1,0,0.0224521545474961,0.0494738173776682,0.328476358381763,0.867848688187126,0.145240726373415,0.177833755087964,0.278700594229092,0.55807099904691,1.3202333114718,1.21169676970957,0.35664794163569,0.41814664510666,0.0760076382656528,0.27438591662063,0.459539052695273,0.590486171359363,0.890827776501268,0.28785033877165,0.595693307726229,1.1785620157772,1.16544953345618,1.52217430539315,0
4.334098577,-0.458086453123203,-0.891105077925259,-0.466806310926353,-0.409574899593006,-0.750359408982252,-0.366491811437238,-0.558145937740988,0.570019621767739,0.158752220741922,0.545025220880151,0.989558628689814,0.474354397757153,1.15973168523834,0.306974717655316,0.65206508135169,0,1,0.75,1,0,0.454122621564482,0.344370860927152,0.364285714285714,1.05947842233028,0.81775287009265,1.39759430488503,0.829324169530355,0.899460323805717,0.73389651531151,0,0.571428571428571,0.722222222222222,1.97142857142857,1,0,1,1.14285714285714,0,0.428571428571429,0.25,1.23333333333333,1,1.66666666666667,1.7,1,1,0.916385716159773,0,0.528453446499748,0.431430041616673,0.206628418371617,1.06294972529322,0.497401013349764,1.05409525873517,0.750367824618869,0.476200701903493,0.607026458155519,0.527351588905893,0.999098553544229,0,0.409525426040804,0.169289890792254,1.39318857193985,1.07219664426483,0.565680358722935,1.63399207579562,1.09056598603794,0.543000289350705,0.524902403371488
2.935900732,-0.541007695017597,-0.76010346763196,-0.677130168284896,-0.639131864638836,-0.30751862263684,-0.955905351796415,-0.659179605076586,0.482651652387212,0.18611284407964,0.37573467002243,0.634138818677535,1.1574466278928,0.444638536945226,0.259924130783355,0.0578500903907662,0,0,0,0.0172528201725282,0.0591419055131913,0.282452431289641,0.271523178807947,0.428571428571429,0.234040286433958,0.252102732801964,0.723754193601178,1.11798396334479,0.828303018189087,0.705385427666315,0,0.142857142857143,0.5,1.14285714285714,0.5,0,0,0.142857142857143,0.333333333333333,0.714285714285714,0.25,0.4,0.533333333333333,1.16666666666667,1.3,1,0.333333333333333,0.0216920458395575,0.0284645534854174,0.252070528340434,0.206916854260141,0.262238469205377,0.155232868786204,0.156539902227142,0.531552092316385,1.18874673543511,0.984760615978726,0.549792418943357,0.329848279656174,0.161757557042455,0.113513892975333,0.523841360940625,0.160104108978693,0.799565486448944,0.275825966668344,0.372281821864945,1.1745622427212,0.943220993362557,1.19836840554549,0.124102442445027
3.718851771,-0.55837404501542,-0.400357965649125,-0.569002917011761,-0.591658888468259,-0.296680680931644,-0.385709373803183,-0.680339274039917,0.467640603578616,0.353346150702359,0.447135350301703,0.685020377996807,1.19972965678165,1.10194930078378,0.251840176663603,0.06452510082047,1.03111387678905,0.195928753180662,0,0.0725779694757797,0.368726444035411,0.98985200845666,0.357615894039735,0.357142857142857,0.598535868928308,0.638231535820691,1.20031094018493,1.26918671248568,1.33559864081551,1.32840549102429,0,0.285714285714286,0.666666666666667,1.75714285714286,0,1,0.5,0.142857142857143,0.666666666666667,0.714285714285714,0.75,0.8,1.13333333333333,1.63888888888889,1.4,1,0.666666666666667,0.0664823120406098,0.329700355726179,0.734856546390624,0.419060697935525,0.192483702177615,0.389268413198128,0.594062605167808,0.922740090876673,1.29573540589771,1.31619851846842,0.844786265443842,0.454114056616681,0.0974888762422757,0.348860057826411,0.498508888890768,0.755481958993362,1.20131591864204,0.426000985262456,0.886164072338721,1.54179796150084,1.42384557031607,1.52217430539315,0.293104567068682
3.722724206,-0.211478654947897,-0.0708089157841759,-0.210226205144046,-0.165840657942515,-0.13515392112949,-0.722902459583818,-0.126270100345793,1.23472660806863,1.99784108604847,1.21022630342983,2.44390241063652,2.6335641335957,0.587952090561467,1.35690655066238,0.0600750938673342,0.174756274631819,0.975826972010178,2.20833333333333,0.0179163901791639,0.427802611973004,0.563636363636364,1.18543046357616,0.178571428571429,0.278131634819533,0.338353145674926,0.854594550364127,1.27262313860252,1.33559864081551,0.282998944033791,1.5,1.14285714285714,0.944444444444444,1.4,0,1,1.5,0,1,0.857142857142857,1.5,0.566666666666667,0.733333333333333,1.33333333333333,1.7,1,0,0.0576272416666203,0.494998362865717,0.7486842527532,1.36665014510916,0.404181108016991,0.195508211447444,0.393243196522774,0.785919530093128,1.3202333114718,1.31619851846842,0.443018230512355,1.38712692629264,0,1.31670037494916,1.27716446089601,1.56004339442964,1.58641758800543,0.287496879141473,1.26858215204864,1.78293427100099,1.85802829633155,1.52217430539315,0
3.548302911,-0.444192297907557,-0.502454227309162,-0.452647674940868,-0.653039337589738,-0.268416900476529,-0.329905772646853,-0.541216892493999,0.587849702721848,0.281547983744484,0.562073482798201,0.620634055405649,1.32605851777039,1.28834414130578,0.316576815298351,0.0125156445556946,0,0.0229007633587786,0,0.187582946250829,0.522114120431239,0.284989429175476,0.490066225165563,0.357142857142857,0.391974674489571,0.741690827380734,0.977415923410523,1.27262313860252,0.827303617829302,0.286166842661035,0,0.142857142857143,0.722222222222222,1.47142857142857,0,0,0.5,0.285714285714286,1.33333333333333,0.428571428571429,0.75,0.6,1.13333333333333,1.30555555555556,1.6,1,0.333333333333333,0.142500192671644,0.277482694457112,0.231751029088648,0.440030264334348,0.225042343178169,0.288171351438992,0.473579516390661,0.689455026455283,1.28317704660172,0.969588627049084,0.303230974179138,0.484166348042163,0.19960258399394,0.56944367805121,0.378530282879201,0.645158132376543,1.05277239533277,0.384161863621392,0.824111442919487,1.26917790456729,1.41198711429041,1.28530177693042,0.132133798959667
3.695505721,-1.48394840495196,-1.18118120064957,-1.40907120218815,-1.30950503711472,-1.11588540694591,-0.785990624390944,-1.50861401607964,0.175961748566474,0.119765668500081,0.18055959815082,0.309505011571133,0.318972347502046,0.540759425164052,0.113572271899766,0,0,0,0,0,0,0,0,0,1.38001202352959,0.39916641366034,1.21634890761803,0.20504009163803,0.000599640215870478,1.21330517423442,0,0,0,1.82857142857143,0,0,0,0,0,0,0,1.96666666666667,0.733333333333333,1.19444444444444,1.1,0,0.666666666666667,0,0,0,0,0,0.844068127327664,0.269967857433961,0.645854842863981,0.145725595556595,0.000471841438591225,0.777389492481843,0,0,0,0,0,0.952920760675898,0.958712515877934,0.390597321541582,0.917017928345879,0.606953244505139,0,0.366533514281029
3.727484005,-1.03899844816965,-0.937551575590204,-1.40907120218815,-1.21314175580122,-0.71657326375033,-1.47282877406781,-1.26594610954171,0.251317222396481,0.150887668009649,0.18055959815082,0.334089740779466,0.496720836888572,0.288582528775623,0.135342767934598,0,0,0,0,0.0801675514266755,0,0,0,0,0.668835467890327,0.451443637419135,1.16635299893626,0.556701030927835,0.0403757745352788,0.313621964097149,0,0,0.0555555555555556,1.45714285714286,0,0,0,0.142857142857143,0,0,0,1.16666666666667,0.8,1.11111111111111,1.2,0,0.333333333333333,0.0524840789749661,0,0,0,0,0.421675845460784,0.203081310967599,0.737098057295598,0.438590987842877,0.023438297724019,0.21080318247415,0.0294577121532504,0.0842273298692375,0,0,0,0.763563393625931,0.590813919133092,0.35473333606897,0.851466901206088,0.670476989726373,0,0.125009506731464
3.545906267,-1.18761939762775,-1.10083746538929,-1.21022620514405,-1.49103949410188,-1.04267556084319,-1.44837780732329,-1.44703022289561,0.219867105917016,0.128506641441786,0.210226303429829,0.271822497075694,0.341368171765894,0.293454170008923,0.118405823559647,0,0,0,0,0,0,0,0,0,0.538501929091615,0.136811920101158,0.832910563783651,0.463917525773196,0.000999400359784129,0.392819429778247,0,0,0,1.12857142857143,0,0,0,0,0,0,0,0.833333333333333,0.333333333333333,0.944444444444444,1.1,0,0.666666666666667,0,0,0,0,0,0.379476414181682,0.0790190443452086,0.543332923944484,0.326829697526421,0.000480787532655981,0.246541999013218,0,0,0,0,0,0.661266454165598,0.490080082829262,0.18699252246353,0.811111756824456,0.597893457329575,0,0.25125331863424
4.730114473,-0.240973517882385,-0.265268235477295,-0.390144618575296,-0.334437241909155,-1.21658103933187,-0.407354268812827,-0.293609184886843,1.08359758547408,0.533290170191094,0.652120344141279,1.21188150694365,0.29257143852195,1.04339698923068,0.583553706136144,1.33166458072591,0.220389960589089,0.393129770992366,0.333333333333333,1.41842236230922,1.22392409501271,1,0.410596026490066,3.05,1.38001202352959,0.659282218270504,1.5411995745029,0.13631156930126,0,1.22914466737064,0.5,1.14285714285714,1.22222222222222,1.87142857142857,2,1,0.5,1.28571428571429,1.33333333333333,1.14285714285714,1.5,1.86666666666667,0.666666666666667,1.44444444444444,1.1,0,0.666666666666667,1.49054183627802,0.740984224806812,0.849127529005985,0.496431101697291,2.10987285159314,1.39769172762065,0.727846837415191,1.38074767542993,0.262884802963386,0,1.98775127863382,1.38712692629264,1.6286995865276,0.753525947423601,0.94063252759926,1.56004339442964,1.71282564275265,1.86304165828721,0.782196666491355,1.71169521880916,1.55003869325782,0,0.607232442200817
3.779159372,-0.671619704324202,-0.792702140321515,-0.818456055230421,-0.66745990640412,-1.15792482905433,-1.47282877406781,-0.818321098822228,0.388788983615339,0.17845910027379,0.31085519318457,0.60722512012446,0.307391340310307,0.288582528775623,0.209375930082361,0,0,0,0,0.821997345719973,0.0241695152949426,0.829598308668076,0.384105960264901,0.357142857142857,0.402773021634743,0.106072485478549,0.698797152442517,0.829324169530355,0.000399760143913652,0.121436114044351,0,0,0.944444444444444,1.08571428571429,0,0,0,0.857142857142857,0.333333333333333,0.857142857142857,1,0.7,0.333333333333333,0.888888888888889,1.4,0,0,0.697540314954738,0.0111577150578923,0.578023671752505,0.392537436350126,0.177298637610229,0.495801936147827,0.0791562762864295,0.631423818795779,0.853380938053011,0.00069592347650766,0.143384858775515,0.583360600051808,0.65893432655099,0.108845723728152,0.510341179298871,0.847747364721866,0.896991627103021,0.620780751508129,0.229135228513353,0.994634704009214,1.23723568043334,0,0
5.116628486,-0.142943218063671,-0.649400192644646,-0.11519341898526,-0.651326578146744,-0.746211862990558,-1.32160341845347,-0.13773322544318,1.82672754378112,0.217839500178498,2.20864396962964,0.622265847020506,0.476991441308096,0.321603220163714,1.24397520152056,0.657627590043109,0,0.301526717557252,0.0416666666666667,0.241622428666224,0.0986063633973179,0.117124735729387,0.364238410596026,0.557142857142857,1.13480811816542,0.469362323965983,1.08460846084608,0.6368843069874,0.0463721766939836,0.30623020063358,1,0.428571428571429,0.5,1.75714285714286,1,0,0.5,0.428571428571429,0.333333333333333,0.428571428571429,0.5,1.86666666666667,0.866666666666667,1.02777777777778,1.1,0,0,0.629572251264773,0.055514251771098,0.568082105079199,0.29641885981205,0.328606091469818,1.0880746498458,0.266318067109776,1.00252777340168,0.578080044435378,0.0337024944330452,0.344031192440541,0.735299344418841,0.881255413495652,0.13286460604772,0.926696983506816,0.336074325903776,1.43614502482419,1.50317161704139,0.496031496044789,1.41355154258749,0.786912476857091,0,0
4.416778877,-0.339460312574301,-0.713575918140253,-0.345922074617861,-0.505906581080426,-0.778696380280794,-0.966475536427421,-0.41360837718699,0.769216027997364,0.198247893133323,0.735487200008424,0.801132865315117,0.457093353300712,0.439774949342663,0.414248674945875,1.1878737310527,0,0.684478371501272,0.458333333333333,1.41842236230922,0.49303181698659,0.619873150105708,0.781456953642384,0.485714285714286,1.3185246063816,0.426893126791201,1.07470747074707,1.05154639175258,0.0463721766939836,0.298838437170011,0,1,1.22222222222222,1.97142857142857,2,0,0.5,1.28571428571429,0.666666666666667,0.714285714285714,0.5,1.96666666666667,0.866666666666667,1.11111111111111,1.3,0,0,1.42104979564422,0.240504801122612,0.785777879413462,0.645545621931304,0.296227838218237,1.39769172762065,0.289832295805339,1.05093075516014,0.946596311421767,0.0288443422606432,0.396612973427496,1.07936674118896,1.6286995865276,0.234588980171945,0.645213563636476,0.397308164773324,1.65431537082743,1.86304165828721,0.528790292611063,1.29616517480086,0.975703204344896,0,0
4.803844317,-0.311656149259816,-0.317918350239312,-0.481557940073763,-0.497530795758187,-0.176099623930921,-1.10431794008475,-0.379730971076286,0.837841112141002,0.444972582613695,0.528329524752267,0.814619782078614,2.02122259564316,0.384882207596829,0.451205588400425,1.33166458072591,1,0.426208651399491,0.375,0.557896483078965,0.338048908756245,0.843974630021142,1.18543046357616,0.0714285714285714,0.603756211522803,0.31127284980766,0.926274445626381,0.915234822451317,0.0403757745352788,0.346356916578669,0,1.14285714285714,0.777777777777778,1.44285714285714,1,2,0.5,0.428571428571429,1,0.714285714285714,0.75,1.1,0.6,1.13888888888889,1.3,0,0,0.954475005593386,0.342000939115156,0.825552340789874,1.36665014510916,0.0658100222762579,0.873358468631114,0.32511997390281,0.919631500003872,1.3202333114718,0.0948921716457829,0.277678345793737,0.731036467416816,0.565423006203968,0.750177418554178,0.560090798330305,0.888521969410535,1.22221169918558,0.912512555698508,0.720351232683851,1.22001200414288,1.35308025125946,0,0
3.482431849,-0.350632836196973,-0.58249051914278,-0.28082122105335,-0.890739416810606,-0.781411216701195,-0.911985879614625,-0.335769290375167,0.744705779214142,0.242862187899742,0.905990248628384,0.45501341397886,0.45550437947307,0.466051530350913,0.510281157855491,0.17104714226116,0,0.83969465648855,0,0.221217650962177,0.689363660268209,0.704439746300211,0.410596026490066,0.178571428571429,0.977079195488893,0.410792749450337,0.819654692742001,0.756013745704467,0.0397761343194084,0.246040126715945,1,0.714285714285714,0.888888888888889,1.67142857142857,1,0,1,0.571428571428571,0.666666666666667,1,0.5,1.46666666666667,0.733333333333333,1.27777777777778,1.3,0,0,0.247197053440853,0.425185897499076,1,0.313162814012308,0.237805014162692,0.784436345787221,0.372559686804357,0.854729325317932,0.622315930028199,0.0212424549798628,0.30662980123347,0.722455151530189,0.65214671747918,0.289522686032755,0.999883814099177,0.351244177600254,1.3069751104122,1.10096361782331,0.495600922179409,1.55091031416813,0.887267256992944,0,0
3.697098423,-0.855995679104111,-1.05479143064045,-0.872289897260987,-1.31792111528131,-1.06185974562158,-0.982096672452354,-0.792036185003106,0.305046239352085,0.134116569127513,0.291670475247733,0.307528704750857,0.335200558970519,0.432780371046875,0.216324420082341,0,0,0,0,0.728807232913072,0,0.317124735729387,0.0132450331125828,0.178571428571429,0.798347145172705,0.272588738493773,0.729809344570821,0.358533791523482,0,0.174234424498416,0,0,0.5,1.28571428571429,0,0,0,0.571428571428571,0,0.571428571428571,0,1.06666666666667,0.533333333333333,1.08333333333333,0.8,0,0,0.455312151665087,0,0.214946125085207,0.0167400758285468,0.0822037387818608,0.734595219366212,0.170511407039333,0.541657075913978,0.334644191689965,0,0.157459184095006,0.285815823358035,0.326237244672914,0,0.340121506919156,0,0.913582529020399,0.784169440784547,0.278690162514181,1.08220274413879,0.555343482528991,0,0
3.051057547,-1.48394840495196,-0.555757792896094,-1.40163769952307,-0.716799709843299,-0.325121220862312,-0.89867002131217,-0.991055879048339,0.175961748566474,0.254544181149665,0.18151704383905,0.565427433575102,1.09478120048061,0.47295671334551,0.17288295312723,0,0,0,0,0,0.0702515557892892,0,0.033112582781457,0,0.423966394995777,0.264423028802685,0.620980279846166,0.552119129438717,0.137517489506296,0.42766631467793,0,0,0.111111111111111,0.871428571428571,0,0,0,0,0.333333333333333,0,0,0.533333333333333,0.333333333333333,0.666666666666667,1.2,0.5,0,0,0.0462149350467816,0,0.0334460082166678,0,0.283294894543717,0.174190987594073,0.385089971703219,0.484911345505138,0.17544202207145,0.340881752230628,0.0635999984405494,0,0.155251514635673,0,0,0.521068510663795,0.292106191590613,0.238491685300786,0.539112534130608,0.692518507355599,0.664528906663919,0
2.765865464,-0.544173948713891,-1.12567160025455,-0.436905537609702,-0.694577713462631,-1.22168935164434,-0.620438922965364,-0.522394503427932,0.479843413535583,0.12567163689027,0.58232558629332,0.583517585600195,0.291348146342313,0.685050689551864,0.327983413588061,0.355166179947156,0,0.0254452926208651,0.0833333333333333,0.29172196416722,0,0.331501057082452,1.03973509933775,0.0214285714285714,0.440373186007047,0.00708973772974921,1.24646100973734,0.521191294387171,0,0.510031678986272,0,0.428571428571429,0.555555555555556,1.1,1,0,0.5,0.428571428571429,0,0.714285714285714,0.5,0.566666666666667,0.0666666666666667,1.19444444444444,1,0,0.333333333333333,0.279241286772299,0,0.323769313453826,0.940048616605694,0.0123980127917912,0.437387836407905,0.00478318823701332,0.962334063675656,0.723417444725808,0,0.522166458624188,0.449382982970309,0.424119151865195,0,0.636248225505208,0.412618742440097,0.892700942037844,0.512355208158855,0.0387190658685542,1.31667020788116,0.920491447413965,0,0.246605660778889
3.569677236,-0.559863153526146,-0.677255996740146,-0.890314467865264,-0.280370196273832,-0.588421869202384,-1.29360417525465,-0.387643197271748,0.466396731526286,0.208879684167359,0.285765524794389,1.44558269819808,0.604900569418566,0.328563973210403,0.441995897287709,0.582950910860798,0,0,2.20833333333333,0.416058394160584,0.0973354369357525,0.163213530655391,0.589403973509934,0,0.646751744553265,0.114287406290349,0.721053923574176,0.437571592210767,0.137517489506296,0.432946145723337,0,0.285714285714286,0.5,1.1,0.5,0,0,0.428571428571429,0.333333333333333,0.428571428571429,0.5,0.866666666666667,0.2,0.944444444444444,1,0.5,0,0.364905112812487,0.0525448413667356,0.112864531985626,1.25568944852349,0,0.723292759043162,0.0810327538961147,0.484955497853617,0.738145729028817,0.0969371252933951,0.250206099352906,0.367248965695675,0.311878917528981,0.127399837612222,0.258776932370928,0.804931684365925,0.807783875900731,0.667057793713544,0.157399310735044,0.871522134964145,1.00340473996349,0.367172832214907,0
3.183315787,-0.554243498119582,-0.0836138748911622,-0.62243047909956,-0.858356840605659,-0.78936146364468,-1.47282877406781,-0.149104561987476,0.471125736146697,1.69188380393617,0.408754541338023,0.472179427243471,0.450917033799432,0.288582528775623,1.1491045171472,0.0152968989014045,0.287933001451981,0,0,0.720927339084273,0.0973354369357525,0.46215644820296,0.503311258278146,0.142857142857143,0.77438379410847,0.182003576564163,0.673267326732673,0.382588774341352,0.137517489506296,0.630411826821542,0.5,0.285714285714286,0.555555555555556,1.11428571428571,0.5,1,0,0.571428571428571,0.333333333333333,0.571428571428571,0.25,0.966666666666667,0.333333333333333,0.861111111111111,0.8,0.5,0.333333333333333,0.576569144752394,0.425602915037258,0.449115131441404,0.413187645229817,0.0568874517916315,0.715655978367684,0.29193861268627,0.632259056186269,0.40355338684397,0.0722608425336783,0.364025125507957,0.607220245985777,0.471750014598398,1.031913288932,0.438549143183587,0.190938471217068,0.927478041942591,0.694032610167751,0.807901781766671,0.913870573472314,0.572561891329837,0.273705287718978,0.120127058774277
3.991428253,-1.04253932577867,-0.724826524045751,-0.511410238691783,-0.44226253071528,-1.16353163354891,-0.336441691366364,-0.611477481267388,0.250463671094414,0.195170816359751,0.497489495687703,0.91642014560423,0.305910111968238,1.26331587306189,0.280201156982422,0,0.000324102883219249,0.9529262086514,0.375,0.0126907763769078,0.212661057060216,0.490063424947146,0.0662251655629139,0.764285714285714,1.38001202352959,0.669101922069603,1.07961705261435,0.211912943871707,0.000599640215870478,1.25026399155227,0,0.428571428571429,0.555555555555556,1.85714285714286,0,0,1,0,0.333333333333333,1,0.25,1.96666666666667,0.8,1.19444444444444,1.3,0,0.666666666666667,0.00828017672220204,0.107322916059118,0.497737319117148,0.102581605312578,0.485645080900026,1.12181001619838,0.535608832680274,0.776651087833558,0.188746735435115,0.000327248070188337,1.1858312643837,0.388392508244369,0,0.11903852885451,0.712154257110591,0.35291704384469,1.25735273269349,1.17601545741284,0.536530797012453,1.25198887239385,0.966580858118619,0,0.71323720777703
3.559113943,-0.454369775776245,-0.622741053814786,-1.15758784061079,-1.49103949410188,-1.12279160042598,-1.01958773646245,-0.553617429314347,0.574682324725718,0.227165044351962,0.219785806804899,0.271822497075694,0.317010073658732,0.416866396708964,0.309485739854162,0.0974829648171325,0,0,0,0.0880059721300597,0.0986063633973179,0.0181818181818182,0.0397350993377483,0.0714285714285714,1.38001202352959,0.692838363988803,1.10318304557729,0.711340206185567,0.00659604237457526,0.657866948257656,0,0.142857142857143,0.277777777777778,1.94285714285714,0.5,0,0,0.285714285714286,0.333333333333333,0.142857142857143,0.25,1.96666666666667,0.8,1.13888888888889,1.2,0,0.333333333333333,0.0940522517996642,0.0578907807325307,0.0110050614308678,0.0336491935862344,0.0365943308435787,1.13812110075719,0.427817442119296,0.70838252470532,0.489903160666425,0.00382172043051357,0.500224273576624,0.195977758619715,0.302908820289256,0.138552439300058,0.0735271446620857,0.179339168414629,1.22258603136934,1.3942184086832,0.520613073609636,0.955382305305367,0.756820118602746,0,0.155001936233381
3.532818465,-1.2680731899975,-1.0300569232968,-1.29072117841345,-1.09113331735624,-1.16721679682271,-0.680399775961922,-1.50861401607964,0.205917324249932,0.13733703788832,0.197115658006971,0.371447138448168,0.304944755951033,0.624679868178172,0.113572271899766,0,0,0,0,0,0,0,0,0,0.419811428440974,1.07952767333158,0.80230750347762,0.506300114547537,0.00119928043174096,0.265047518479409,0,0,0,1.17142857142857,0,0,0,0,0,0,0,0.6,1,0.916666666666667,1.4,0,0.666666666666667,0,0,0,0,0,0.316608572966818,0.64648416859553,0.452863575017199,0.358399714845065,0.000955910050745085,0.18590039391577,0,0,0,0,0,0.67949235734418,0.406549837037035,0.53027309942095,0.724516727587041,0.756480408408761,0,0.260037538506623
4.283438214,-0.845848056530662,-0.839528199469394,-0.791729347568006,-0.836680464761516,-1.09555463327538,-1.08437156565936,-0.946646411567307,0.308705826792744,0.168505321047848,0.321348764229526,0.484412432808866,0.324891819179132,0.391961349015363,0.180993360286964,0,0,0,0,0.125870935633709,0,0.105708245243129,0.178807947019868,0,0.60425846022723,0.961227475486189,0.399394484903036,0.741122565864834,0.000799520287827304,0.232312565997888,0,0,0.166666666666667,1.14285714285714,0,0,0,0.142857142857143,0,0.142857142857143,0.25,0.9,0.733333333333333,0.777777777777778,1.3,0,0.333333333333333,0.101222477983823,0,0.0929308211498878,0.154730622781723,0,0.384054432742929,0.626524295846606,0.311706827969482,0.497659155131159,0.000493507261071771,0.142292930090882,0.107815096354554,0.103460746772093,0,0.107504016833357,0.195885216556403,0.648605129048057,0.469680363192007,0.381061049594596,0.697850762272261,0.70104751250787,0,0.126597218103608
3.534622194,-0.733943897288412,-0.505097690859689,-0.430105088084852,-1.17219348296104,-0.3277046100485,-0.528815084485225,-0.514263415247964,0.355774280065271,0.280074417122924,0.591532734491002,0.345760581330612,1.08615067825239,0.803744294002622,0.333169158412547,0,0,0.089058524173028,0,0.569135700066357,0.38381979139276,0.508245243128964,0,0.178571428571429,1.25657298967346,0.844160057918987,1.5411995745029,0.50057273768614,0.099940035978413,0.925026399155227,0,0.142857142857143,0.722222222222222,1.81428571428571,0,0,0.5,0.428571428571429,0.666666666666667,1.14285714285714,0,1.03333333333333,1.2,1.52777777777778,1.8,0.5,0.666666666666667,0.407629071122702,0.209051620258839,0.384983646314217,0,0.0735952445429498,1.12075668550694,0.589806449445897,1.31904726403506,0.383460016819097,0.117626206176589,1.17461331276986,0.470377035137908,0.307747367914397,0.282280642810165,0.803213072118681,0,1.32313179635848,0.768101615384894,0.762202723423045,1.6754550652039,1.00815049864777,0.612967668031503,0.548616552527744
4.312507277,-1.02992899413482,-0.234011172886768,-0.621393360289488,-0.998955016840991,-1.26732501815362,-0.321603418453465,-0.417300758742196,0.253530508456656,0.604522279377193,0.409436716125567,0.405722521711635,0.280856565726923,1.32160322016371,0.410583327491126,0,1.34567517112632,0,0,0.15436297279363,0.976071522482251,0.172093023255814,0.0993377483443709,0.357142857142857,0.605072711914709,1.22193131128453,0.711725718026348,0.565864833906071,0.00139916050369778,0.15311510031679,0,0.285714285714286,0.555555555555556,1.22857142857143,0,2,0,0.428571428571429,1,0.571428571428571,0,0.7,1,0.888888888888889,1.5,0,0.333333333333333,0.0957927054241086,1.04227630740282,0.130963126891348,0.0801935783903995,0.230851923727556,0.470101825774326,1.12995076581216,0.519804573791191,0.547536943089427,0.00195714959760809,0.207668364425356,0.436946545105598,0.241384712114795,0.821984688848016,0.418348931413821,0,0.929714756568894,0.465119920747344,1.01714507565096,0.944083434535501,0.921746871774678,0,0.191844096581414
5.047549268,-0.214925402728915,-0.0826840959145896,-0.306321539823427,-0.467989355709854,-1.02948862397309,-0.662379984921199,-0.147446532297697,1.21492531921717,1.710909003899,0.830569181032213,0.866041780228008,0.345741114806624,0.641673834398023,1.16202617474926,1.11055486024197,0.350031113876789,0.263358778625954,0.75,0.734281685467817,1.09343500745026,0.0875264270613108,0.251655629139073,0,0.922197109787001,0.725578772824785,0.982652810735619,0.495990836197022,0.00119928043174096,0.344244984160507,1,1,0.777777777777778,1.31428571428571,2,1,0.5,1,1,0.142857142857143,0.75,1,1,0.861111111111111,1.4,0,0.666666666666667,1,1,0.198879178906934,0.303652830856329,0,0.907188277799536,0.809156002839567,0.644079259553702,0.444337622366991,0.001044659664106,0.254610062684926,1.06339442980251,1.4878765380824,1.28716431354945,0.277858617048171,0.785281036194971,1.28169139634147,1.14680981004445,1.26858215204864,0.824864103501162,1.21639745462256,0,0.308889230007082
3.392008023,-1.40032875280749,-0.826752943306614,-0.738097202969807,-1.06632111586975,-0.687009214948722,-1.17762450262684,-0.88252010706123,0.18646935056971,0.171109082004847,0.344698771074441,0.380090280054393,0.518095799885071,0.36092346151492,0.194144791604019,0,0,0,0,0,0,0.467653276955603,0,0,0.63707204224977,0.275436310800757,0.573520988462483,0.651775486827033,0.0773535878472916,0.25026399155227,0,0,0.166666666666667,1.11428571428571,0,0,0,0,0,0.428571428571429,0,0.766666666666667,0.333333333333333,0.944444444444444,1.4,0,0.333333333333333,0,0,0.331298944599039,0,0,0.441425495273073,0.157971934973557,0.414220931974723,0.591064527107272,0.0466395384049496,0.168883305120567,0.104613213777519,0,0,0.285485879713984,0,0.654315370827427,0.407135120860377,0.150127669485721,0.869739154523364,0.862793574409566,0,0.156346484602584
3.437670542,-0.689228555661673,-0.914717045156977,-0.904111094145663,-0.517006887536268,-0.810708025183126,-1.26085974968424,-0.714819925796726,0.378855849172308,0.154654283839985,0.281404787228441,0.783932322936449,0.43904435195988,0.337096794977112,0.239692181513406,0,0,0,1.375,0.839623424021234,0,0.117124735729387,0.907284768211921,0,0.574633396494913,0.0795276733315762,0.655429179281565,1.01145475372279,0.0777533479912053,0.276663146779303,0,0.142857142857143,0.611111111111111,1.22857142857143,0,0,0,0.714285714285714,0,0.285714285714286,1,0.7,0.266666666666667,1.13888888888889,1.8,0,0,0.635614800063063,0,0.0843201325666051,1,0,0.587966730581956,0.0438172425622255,0.428989796548733,1.0995821543063,0.0400524639414915,0.185831264383699,0.397916026631389,0.488139715268123,0,0.170895932098395,1,0.844496064722371,0.528856504331663,0.139532662639886,0.970703092249748,1.61510531925302,0,0
3.784365512,-0.443933955894743,-0.499019364430521,-0.452384415285104,-0.643620188870407,-0.812761258879205,-1.47282877406781,-0.540902121026698,0.588191784056587,0.283485958763189,0.562400564442245,0.629716764272842,0.437935335295244,0.288582528775623,0.316761037590244,0.841746627729106,0,0.244274809160305,0.125,0.797735567352356,0.00175300201595232,0.128964059196617,0.423841059602649,0,0.566057119375385,0.244666014966853,0.660993372064479,0.945017182130584,0.0777533479912053,0.382259767687434,0,0.285714285714286,0.444444444444444,1.24285714285714,0.5,0,0.5,0.571428571428571,0,0.285714285714286,0.5,0.733333333333333,0.266666666666667,1.11111111111111,1.8,0,0.333333333333333,0.792525491501025,0.00128433103861135,0.157789810253365,0.485039401433866,0,0.656459050547387,0.117993476446402,0.439340891472392,1.01497748567228,0.0397631613541618,0.221532328077875,0.345966621715417,0.478235172918484,0,0.272389072409534,0.479394705754076,0.847414621969131,0.573028860358433,0.126585537688506,0.981882380991649,1.45600322591322,0,0.116960706672853
3.555967536,-0.80144165764131,-0.372547745425436,-0.642990468913692,-0.626588230490992,-2.03241545625154,-0.193428644931745,-0.52938366803295,0.325810774614878,0.379723115486963,0.395684333568518,0.646833505655597,0.17512994758563,2.19735824804538,0.323653181428827,0,1.34567517112632,0,0.0833333333333333,0.0362060384870604,1.22392409501271,0.366596194503171,0.827814569536424,1,0.603923627757612,0.905561357092574,0.306357908518125,0.572737686139748,0,0.367476240760296,0,0.285714285714286,0.777777777777778,1.04285714285714,0,1,0,0.142857142857143,1.33333333333333,0.714285714285714,0.75,0.733333333333333,0.733333333333333,0.611111111111111,1.5,0,1,0.0307293204584618,1.06643187540851,0.264646689069026,0.93404413529176,0.91606398849822,0.432972102034174,0.903242962379999,0.275566638900297,0.693931951693493,0,0.737550899945781,0.571918286130734,0.109193358603757,0.684535962330808,0.494862737173542,0.705084490491976,0.848101479982164,0.463644108277739,0.674380898356248,0.723843291955869,1.18119865323458,0,1.34881610667076
2.68491339,-1.10454928135826,-0.843505543282932,-0.301038876300118,-1.08792811617751,-0.803567730616782,-1.29285234380885,-0.359942918457097,0.236402652418931,0.16771081416608,0.845144217099651,0.372541594973492,0.442944956205269,0.328755649621963,0.47601082937635,0,0,1.40712468193384,0,0.0150962176509622,0,0.543340380549683,0,0,0.621030523023537,0.197877916384467,0.397594304885034,0.586483390607102,0.0773535878472916,0.25026399155227,0.5,0.428571428571429,0.222222222222222,0.985714285714286,0,0,1.5,0,0,0.571428571428571,0,0.8,0.2,0.75,1.3,0,0.333333333333333,0.00929665922671677,0,0.725525251924157,0,0,0.426119853853371,0.158248450165476,0.487188853100341,0.572749841459737,0.0398792519446598,0.158781638501814,0.257924248860536,0,0,0.703866446949194,0,0.678629910437126,0.422338047387409,0.104815549669441,0.964703088115141,0.821567644943925,0,0.142411883937636
4.511427204,-0.66059133821263,-0.125671600254551,-0.220540334584329,-1.12167811691322,-0.731208023963637,-0.759081940307806,-0.224104060894332,0.395279718123218,1.12567163689027,1.15362685734143,0.361332047867439,0.486778867083428,0.55992948240926,0.76454089800123,0,1.06305745695914,1.42239185750636,0,1.23096383543464,0.359365413270225,1.14756871035941,0.0264900662251656,0.435714285714286,1.21125645884224,0.859477227762412,1.18460027820964,0.525773195876289,0.10013991605037,0.923970432946146,1.5,1,0.777777777777778,1.68571428571429,0,1,1.5,0.428571428571429,0.333333333333333,1.14285714285714,0,1.06666666666667,1.13333333333333,1.38888888888889,1.4,0.5,0.666666666666667,0.98284623864453,1.04546883928165,1.41063161113408,0.0204195306739707,1.08969022988789,1.19943957818567,1.12995076581216,1.439333280065,0.451931011576907,0.0565995083427476,1.37119477422419,1.06359999844055,0.310231420964126,0.686569324901895,1.58336976032589,0,1.58450628876731,0.757668910036257,1.10485643973786,1.95407057820414,0.929591970715575,0.295473313012722,1.34881610667076
3.962000966,-0.180486579245152,-0.895730042747535,-0.163508903179087,-0.676020220269113,-0.184236689889208,-0.278989415971692,-0.195502562749822,1.44674654878921,0.157932563499421,1.55600867724645,0.59953599078189,1.93195274000035,1.52346989069612,0.876391231208703,0.366708385481852,0,0.741730279898219,0,0.446831453218315,0,0.352642706131078,0.0662251655629139,0.714285714285714,1.03532482554467,0.659237177583751,1.32697815236069,0.594501718213058,0.0777533479912053,0.477296726504752,1.5,0.571428571428571,0.611111111111111,1.58571428571429,0.5,0,1.5,0.285714285714286,0,1,0,1.2,0.933333333333333,1.13888888888889,1.7,0,0.333333333333333,0.599469754633691,0,0.75695285643566,0.0709271386187284,0.532226411749935,1.04321190621892,0.463393283881524,1.0603863691269,0.492777782418243,0.173277335766652,0.612645305813585,0.855312365315041,0.567650230802332,0,1.58336976032589,0,1.41658922343266,0.990101049140331,0.583578866394374,1.8238892550058,1.02890967697586,0,0.659943692240065
3.282064027,-0.227497983457364,-0.134543746617019,-0.579650307936429,-0.300880742810693,-0.468963396710085,-0.225362417863474,-0.239925328584491,1.14778310149044,1.05144209373959,0.438922083802824,1.347039710421,0.758985320493844,1.88599360863865,0.714125199747142,0.616186900292032,0.842667496370048,1.42239185750636,2.20833333333333,1.41842236230922,0.470374265930406,1.05369978858351,0.463576158940397,1.35714285714286,1.10414811770883,0.681423886243907,1.19932902381147,0.663230240549828,0.395962422546472,0.424498416050686,1,0.857142857142857,1.16666666666667,1.65714285714286,1,1,0.5,1.28571428571429,1,0.714285714285714,0.5,1.3,1,1.02777777777778,1.9,0.5,0.333333333333333,1.49054183627802,0.917111805592999,1.04543680839151,0.941111873357771,1.00286948870115,1.30466552471933,0.980639699653266,1.02361676297512,0.833896920464819,0.219580007465905,0.718913650252047,1.08859584872699,1.3451057569954,1,0.492191447872199,0.912104316067078,1.51400075257637,1.29210619159061,1.17779261828789,1.03446286973438,1.85802829633155,0.247361821826028,0.612419454435719
2.845464568,-0.520217934868767,-0.196073048862852,-0.381788463655228,-0.859506064872196,-0.451688900933236,-1.30571646951908,-0.349647544815971,0.501940149643513,0.721491018177423,0.666393361485241,0.471547816033536,0.788012389642503,0.325516479339216,0.490026907367978,0.419552218050341,0.259282306575399,0.0419847328244275,0,0.645487723954877,0.251555789289158,0.803805496828753,0.423841059602649,0,0.857193951708026,1.16283626209009,1.5251616070698,0.371134020618557,0.0997401559064561,0.308342133051742,0.5,0.428571428571429,0.611111111111111,1.72857142857143,0.5,1,0.5,0.714285714285714,0.666666666666667,0.571428571428571,0.25,1.1,1.4,1.33333333333333,1.4,0.5,0.333333333333333,0.509863799607646,0.24614977328698,0.529170882778096,0.349510835663389,0,0.724132586443546,0.877285598119105,1.01690926458782,0.40797812286937,0.087015030364833,0.228647107049954,0.512324474991202,0.503542261568298,0.55914732994397,0.462050683263284,0.190683062209664,1.2605184484863,0.760957383429045,1.25405028409206,1.26555966387481,1.08845874018438,0.478321158142712,0.152527743956684
3.54839745,-0.807849762174052,-0.608696555888954,-0.578597166270559,-0.500365123064593,-0.786853990673471,-1.16397205193957,-0.691810822568997,0.323226331407868,0.232406449390837,0.439720938069313,0.81000529575738,0.452353640273739,0.365156449830713,0.24766415505135,0,0,0.159033078880407,2.20833333333333,0.433062375580624,0.134770794986414,0.254545454545455,0.708609271523179,0,0.772884657824046,1.01517287282846,1.05768758694051,0.416953035509737,0.0897461523086148,0.381203801478353,0,0.428571428571429,0.666666666666667,1.52857142857143,0,0,0.5,0.428571428571429,0.333333333333333,0.285714285714286,1.5,1,1.4,0.972222222222222,1.6,0.5,0.666666666666667,0.30708204371664,0.0809481461826162,0.180279988405054,0.837113276254319,0,0.628597343297047,0.692969438504213,0.673721315154867,0.55073708678732,0.0474902602360509,0.252149410173201,0.494757909364369,0.271123586456142,0.141749275571974,0.215257949609844,1.56004339442964,1.09046485935101,0.671863434082882,0.856644188206437,0.848838209834531,1.85802829633155,0.274577303542102,0.285620937834698
3.838126954,-1.02859240404039,-0.240254693316331,-0.205413499728231,-0.950154413078826,-0.360490609363532,-0.801852669758371,-0.24560659902595,0.253859814055776,0.588812385993764,1.23858110171544,0.426560648061035,0.987366569732008,0.530062592818094,0.697606403201506,0.000139062717285496,0.013638249325866,0.259541984732824,0,0.347337425348374,0.0046103953019546,0.262579281183932,0.119205298013245,0.407142857142857,0.798879833192552,0.661484207400685,0.958023075034776,1.04925544100802,0.0773535878472916,0.485744456177402,1,0.428571428571429,0.555555555555556,1.45714285714286,0,1,1,0.285714285714286,0.333333333333333,0.857142857142857,0.25,0.833333333333333,0.866666666666667,1.13888888888889,1.9,0,0.666666666666667,0.22096996626337,0.00701581688465544,0.412925316260119,0.0891698746499707,0.305409423834822,0.605381448220209,0.317212323869895,0.749631465458869,0.761529732753985,0.08887048044063,0.508079641897975,0.582711749832934,0.163220054441135,0.359128283148721,1.12261001585878,0.165379214915384,1.11812466580767,0.483616099752775,0.583638395398581,1.62080171411626,1.16136707044331,0,0.301730399561818
5.273341271,-0.0886866517176867,-0.0885645614151864,-0.0903748374012912,-0.539864525503447,-0.278419269781441,-0.77135891434325,-0.108058411355735,2.94427973045841,1.59730884153945,2.8151780204505,0.750740921073816,1.27841977641179,0.5510173346348,1.58559355580221,1.33166458072591,1.34567517112632,1.42239185750636,0.291666666666667,1.35430491041805,1.22392409501271,1.14756871035941,1.18543046357616,0.321428571428571,1.04397720095275,1.00921999539584,1.5411995745029,0.738831615120275,0.39796122326604,0.55649419218585,1.5,1,1.22222222222222,1.84285714285714,1.5,2,0.5,1.14285714285714,1.33333333333333,0.714285714285714,1.5,1.16666666666667,1.06666666666667,1.5,1.9,0.5,0.333333333333333,1.49054183627802,1.06643187540851,1.41063161113408,1.30265181164319,0.598772533873347,1.39769172762065,1.12995076581216,1.439333280065,0.983649501090105,0.521182237297164,0.724738730133191,1.38712692629264,1.6286995865276,1.31670037494916,0.575057148807858,1.38106223790376,1.71282564275265,1.86304165828721,1.26858215204864,1.4715315986206,1.85802829633155,0.775996971726869,0.153597382072921
