,Loc_ID,MindistPigs15.NEG,MindistPoultry250.NEG,MindistCows5.NEG,MindistHorses5.NEG,MindistGoats50.NEG,MindistSheep50.NEG,MindistFuranims250.NEG,MinDistAnyFarm.NEG,MindistPigs15.INV,MindistPoultry250.INV,MindistCows5.INV,MindistHorses5.INV,MindistGoats50.INV,MindistSheep50.INV,MindistFuranims250.INV,MinDistAnyFarm.INV,npigs.500m,npoultry.500m,ncows.500m,nhorses.500m,npigs.1000m,npoultry.1000m,ncows.1000m,nhorses.1000m,nsheep.1000m,npigs.3000m,npoultry.3000m,ncows.3000m,nhorses.3000m,ngoats.3000m,nsheep.3000m,nfuranims.3000m,AllFarm.250m,AllFarm.500m,AllFarm.1000m,AllFarm.3000m,PigFarm.500m,PoultryFarm.500m,CattleFarm.500m,PigFarm.1000m,PoultryFarm.1000m,CattleFarm.1000m,HorseFarm.1000m,PigFarm.3000m,PoultryFarm.3000m,CattleFarm.3000m,HorseFarm.3000m,GoatFarm.3000m,SheepFarm.3000m,FuranimFarm.3000m,npigsWghtDist.1000m.sum,npoultryWghtDist.1000m.sum,ncowsWghtDist.1000m.sum,nhorsesWghtDist.1000m.sum,nsheepWghtDist.1000m.sum,npigsWghtDist.3000m.sum,npoultryWghtDist.3000m.sum,ncowsWghtDist.3000m.sum,nhorsesWghtDist.3000m.sum,ngoatsWghtDist.3000m.sum,nsheepWghtDist.3000m.sum,nfuranimsWghtDist.3000m.sum,nAnyFarmWghtDist.1000m.sum,nPigFarmWghtDist.1000m.sum,nPoultryFarmWghtDist.1000m.sum,nCattleFarmWghtDist.1000m.sum,nHorseFarmWghtDist.1000m.sum,nAnyFarmWghtDist.3000m.sum,nPigFarmWghtDist.3000m.sum,nPoultryFarmWghtDist.3000m.sum,nCattleFarmWghtDist.3000m.sum,nHorseFarmWghtDist.3000m.sum,nGoatFarmWghtDist.3000m.sum,nSheepFarmWghtDist.3000m.sum,nFuranimFarmWghtDist.3000m.sum,nfatpigs.500m,ndairycows.500m,nmeatcows.500m,npiglets.1000m,nsows.1000m,nboars.1000m,nfatpigs.1000m,nlayinghens.1000m,nbroilerchicks.1000m,ndairycows.1000m,nmeatcows.1000m,npiglets.3000m,nsows.3000m,nboars.3000m,nfatpigs.3000m,nlayinghens.3000m,nbroilerchicks.3000m,notherpoultryanim.3000m,ndairycows.3000m,nmeatcows.3000m,DairyctlFarm.500m,PigMultipFarm.1000m,FatpigFarm.1000m,HensFarm.1000m,BroilerFarm.1000m,DairyctlFarm.1000m,MeatctlFarm.1000m,PigMultipFarm.3000m,FatpigFarm.3000m,HensFarm.3000m,BroilerFarm.3000m,OthpoultFarm.3000m,DairyctlFarm.3000m,MeatctlFarm.3000m,npigletsWghtDist.1000m.sum,nsowsWghtDist.1000m.sum,nboarsWghtDist.1000m.sum,nfatpigsWghtDist.1000m.sum,nlayinghensWghtDist.1000m.sum,nbroilerchicksWghtDist.1000m.sum,ndairycowsWghtDist.1000m.sum,nmeatcowsWghtDist.1000m.sum,npigletsWghtDist.3000m.sum,nsowsWghtDist.3000m.sum,nboarsWghtDist.3000m.sum,nfatpigsWghtDist.3000m.sum,nlayinghensWghtDist.3000m.sum,nbroilerchicksWghtDist.3000m.sum,notherpoultryanimWghtDist.3000m.sum,ndairycowsWghtDist.3000m.sum,nmeatcowsWghtDist.3000m.sum,nPigMultipFarmWghtDist.1000m.sum,nFatpigFarmWghtDist.1000m.sum,nHensFarmWghtDist.1000m.sum,nBroilerFarmWghtDist.1000m.sum,nDairyctlFarmWghtDist.1000m.sum,nMeatctlFarmWghtDist.1000m.sum,nPigMultipFarmWghtDist.3000m.sum,nFatpigFarmWghtDist.3000m.sum,nHensFarmWghtDist.3000m.sum,nBroilerFarmWghtDist.3000m.sum,nOthpoultFarmWghtDist.3000m.sum,nDairyctlFarmWghtDist.3000m.sum,nMeatctlFarmWghtDist.3000m.sum
1,2,-1288.560356,-1973.705083,-1234.181458,-2057.437016,-1805.364385,-2141.328195,-6475.484539,-1234.181458,0.00077606,0.000506661,0.000810254,0.000486042,0.000553905,0.000467,0.000154429,0.000810254,0,0,0,0,0,0,0,0,0,43724,33544,7685,61,815,887,20,0,0,0,68,0,0,0,0,0,0,0,14,2,46,2,1,3,0,0,0,0,0,0,20.60846118,13.64456389,3.290812197,0.024647758,0.389067761,0.378669764,0.007769809,0,0,0,0,0,0.030437829,0.006206151,0.000958521,0.020617781,0.000827687,0.000553905,0.001273784,0,0,0,0,0,0,0,0,0,0,0,0,13688,10598,33,19405,20934,12600,10,4659,3026,0,0,0,0,0,0,0,6,8,1,1,0,38,8,0,0,0,0,0,0,0,0,7.203318914,4.781396062,0.014635168,8.609111041,7.256502655,6.383932489,0.004128744,2.053633423,1.237178774,0,0,0,0,0,0,0.002942436,0.003263716,0.00045186,0.000506661,0,0.01733644,0.003281341
2,3,-446.114374,-425.4872946,-288.7802875,-1446.997534,-3916.813845,-1190.008909,-4282.474798,-288.7802875,0.002241578,0.002350246,0.00346284,0.000691086,0.00025531,0.00084033,0.00023351,0.00346284,235,1350,332,0,4207,1350,763,3,0,39514,41930,5364,103,0,873,0,0,3,7,59,0,1,2,2,1,4,0,12,2,39,4,0,2,0,4.972756121,3.172832696,1.607549376,0.003021301,0,21.19839258,20.55760016,3.922595533,0.050870934,0,0.700488951,0,0.013170446,0.00219294,0.002350246,0.00862726,0,0.043284893,0.007665182,0.002778387,0.029448788,0.00193551,0,0.001457026,0,235,331,1,1240,346,2,2619,1350,0,754,9,11572,9490,33,18419,41930,0,0,4803,561,2,1,1,1,0,4,0,6,6,2,0,0,35,4,1.470441071,0.410300492,0.002371679,3.089642879,3.172832696,0,1.597250996,0.010298381,5.797595025,4.438060671,0.017914038,10.94482284,20.55760016,0,0,3.617961485,0.304634048,0.00118584,0.0010071,0.002350246,0,0.00862726,0,0.003682968,0.003982214,0.002778387,0,0,0.026467373,0.002981415
3,4,-536.5339133,-1538.709082,-227.8235442,-536.5339133,-2718.513873,-801.2942294,-5783.439623,-227.8235442,0.001863815,0.000649895,0.004389362,0.001863815,0.000367848,0.001247981,0.000172907,0.004389362,0,0,244,0,5717,0,732,10,95,31961,76504,6502,91,400,1435,20,1,2,9,75,0,0,2,2,0,6,0,12,4,50,4,1,4,0,7.940184261,0,1.737141723,0.018638151,0.108173483,21.34800091,44.04705672,4.307638712,0.062811311,0.147139216,0.741423382,0.0111662,0.016563031,0.003067949,0,0.0122471,0,0.048748348,0.00807434,0.002266662,0.033058171,0.002114937,0.000367848,0.00286639,0,0,244,0,0,1348,9,4360,0,0,732,0,11705,4182,20,16054,63894,12600,10,4167,2335,2,1,1,0,0,6,0,6,6,3,1,0,43,7,0,2.512422732,0.016774336,5.410987194,0,0,1.737141723,0,5.863741113,3.886573462,0.021682884,11.57600345,35.85206313,8.188682414,0.006311174,3.406249167,0.901389546,0.001863815,0.001204134,0,0,0.0122471,0,0.004251126,0.003823214,0.001616767,0.000649895,0,0.030124183,0.002933988
4,5,-870.7421786,-378.3538724,-681.8065745,-590.6077026,-1046.25115,-2141.858241,-738.3139758,-378.3538724,0.001148446,0.002643028,0.001466692,0.001693171,0.000955793,0.000466884,0.001354437,0.002643028,1,59817,3,2,12251,231717,88,30,32,88703,531647,13751,285,6095,860,0,0,1,9,98,0,1,0,1,3,3,1,23,8,46,11,2,1,7,14.07110129,380.2587069,0.123604361,0.045865882,0.084576906,51.91526881,541.6702174,6.939879586,0.171084602,5.192058722,0.410120574,0,0.013086698,0.001148446,0.005413683,0.003791365,0.001378767,0.057915772,0.012624186,0.008036027,0.025308119,0.005759723,0.001323316,0.000337957,0.004526444,1,3,0,3850,0,0,8401,231710,0,88,0,29249,8878,39,50537,237002,254239,40406,6885,6866,0,0,1,3,0,2,1,11,12,3,3,2,36,10,4.421515455,0,0,9.649585839,380.2402057,0,0.123604361,0,16.65764968,4.571122242,0.020552386,30.66594451,383.870169,130.7152244,27.08482408,3.634896128,3.304983458,0,0.001148446,0.005413683,0,0.002587479,0.001203886,0.005970187,0.006653999,0.005413683,0.001439793,0.00118255,0.019473528,0.005834592
5,6,-523.8614381,-844.4387958,-637.6925577,-1094.138801,-2758.838112,-1348.416986,-2166.224295,-523.8614381,0.001908902,0.001184218,0.001568154,0.000913961,0.000362471,0.00074161,0.000461633,0.001908902,0,0,0,0,3833,13900,432,12,0,112744,248595,16100,788,5003,811,10253,0,0,9,130,0,0,0,2,1,4,2,36,6,64,19,1,1,2,7.044824816,16.46063642,0.505099908,0.016904913,0,64.24428882,165.121505,8.175509892,0.434234654,1.813801565,0.390438029,4.210072714,0.011840104,0.00310835,0.001184218,0.00503048,0.002517056,0.07397568,0.02093418,0.004315784,0.034690715,0.012430862,0.000362471,0.000433915,0.000807751,0,0,0,0,0,0,3833,0,13900,408,24,41216,11009,48,60471,2465,232950,13180,10263,5837,0,0,2,0,1,3,1,17,19,1,4,1,51,13,0,0,0,7.044824816,0,16.46063642,0.474866745,0.030233163,23.3334572,6.458743146,0.028204685,34.42388378,0.922868834,157.4596136,6.739022541,5.292132941,2.883376952,0,0.00310835,0,0.001184218,0.003770542,0.001259937,0.009667844,0.011266336,0.000426155,0.003378154,0.000511475,0.027704438,0.006986277
6,7,-752.2747685,-2473.937641,-662.1735235,-593.3106159,-9654.989812,-1567.715003,-9392.674392,-593.3106159,0.001329302,0.000404214,0.001510178,0.001685458,0.000103573,0.000637871,0.000106466,0.001685458,0,0,0,0,4230,0,350,102,15,21623,127089,2969,546,0,401,0,0,0,9,39,0,0,0,3,0,3,3,10,3,16,8,0,1,0,4.897284797,0,0.470185991,0.13955896,0.015995045,13.49635934,47.70064867,1.751682328,0.358962435,0,0.235563187,0,0.011044765,0.00345557,0,0.003624166,0.003965029,0.025703004,0.007144671,0.001153239,0.010079895,0.006687328,0,0.000637871,0,0,0,0,0,0,0,4230,0,0,127,223,4144,1105,7,16367,58639,68450,0,1970,999,0,0,3,0,0,2,1,1,9,1,2,0,13,3,0,0,0,4.897284797,0,0,0.158100364,0.312085627,1.853358245,0.492447876,0.002944954,11.14760826,21.79327051,25.90737817,0,1.11585719,0.635825138,0,0.00345557,0,0,0.002113988,0.001510178,0.000561861,0.00658281,0.00037145,0.000781788,0,0.007565387,0.002514508
7,8,-1024.873344,-80.9035213,-366.9378964,-1268.038079,-10699.2484,-1416.778959,-6931.51579,-80.9035213,0.00097573,0.012360401,0.002725257,0.00078862,9.35E-05,0.000705826,0.000144269,0.012360401,0,39950,60,0,0,39950,702,0,0,37340,136637,7242,194,0,256,0,1,2,6,74,0,1,1,0,1,5,0,20,4,39,10,0,0,0,0,493.7980369,0.814722721,0,0,20.06077656,546.5076467,4.345924,0.101019051,0,0.138398232,0,0.019148002,0,0.012360401,0.0067876,0,0.055764064,0.011142762,0.013814343,0.025509401,0.005297557,0,0,0,0,50,10,0,0,0,0,0,39950,642,60,10137,2968,14,24221,58747,77850,40,4007,3235,1,0,0,0,1,5,0,7,13,1,3,0,30,9,0,0,0,0,0,493.7980369,0.736967759,0.077754962,5.786501574,1.739921146,0.007408056,12.52694579,26.49259082,519.9948922,0.020163633,2.476581974,1.869342026,0,0,0,0.012360401,0.0067876,0,0.00431557,0.006827192,0.000450812,0.013363531,0,0.020398346,0.005111056
8,9,-234.6556376,-218.6208067,-619.1922462,-234.6556376,-9135.499422,-756.24617,-8560.749124,-218.6208067,0.004261564,0.00457413,0.001615007,0.004261564,0.000109463,0.001322321,0.000116812,0.00457413,7191,72104,0,11,16410,72104,751,12,110,28140,127237,3978,117,0,266,0,3,5,14,50,2,2,0,7,2,4,1,15,3,24,7,0,0,0,35.05130325,316.0736684,1.150966753,0.039774351,0.146229976,40.82841338,347.8984457,3.055538762,0.098530028,0,0.26147103,0,0.030779645,0.013546007,0.008913815,0.005475365,0.002844457,0.049876068,0.017330169,0.009388962,0.016836011,0.006320925,0,0,0,4610,0,0,4744,1287,9,10370,58604,13500,576,175,5099,1419,10,21612,58747,68450,40,2796,1182,0,2,5,1,1,4,0,3,12,1,2,0,20,4,9.841839641,2.688416005,0.019428146,22.50161946,254.3229128,61.75075558,0.868340475,0.282626278,9.96727687,2.735057453,0.01978149,28.10629757,254.3976297,93.48667059,0.014145397,2.054318642,1.00122012,0.002519969,0.011026039,0.004339685,0.00457413,0.005475365,0,0.002873313,0.014456856,0.004339685,0.005049277,0,0.014336084,0.002499928
9,11,-381.1510955,-1067.73666,-364.6546157,-660.7930845,-1535.42672,-281.3546947,-5524.375934,-281.3546947,0.002623631,0.000936561,0.002742321,0.001513333,0.000651285,0.003554233,0.000181016,0.003554233,123,0,168,2,506,20,353,65,100,17454,730162,2345,219,4570,545,15,0,5,11,52,0,0,4,1,0,6,3,8,11,19,10,1,3,0,0.745970041,0.022142136,0.632008436,0.091904187,0.35542325,9.832107364,469.5235289,1.649837909,0.178066074,2.629529976,0.608556863,0.00584151,0.020483998,0.001028447,0,0.012132916,0.003768402,0.043497533,0.004665626,0.007038825,0.018915397,0.007301215,0.000651285,0.004925185,0,80,163,5,33,13,0,460,20,0,348,5,3861,983,13,12597,705490,17672,7000,2242,103,4,0,1,0,0,6,0,2,6,8,2,1,18,1,0.086579838,0.029285822,0,0.630104381,0.022142136,0,0.618795592,0.013212844,2.728823297,0.71050475,0.009491486,6.383287832,452.1757196,12.87717737,4.470631908,1.562245742,0.087592167,0,0.001028447,0,0,0.012132916,0,0.001216814,0.003448812,0.00507635,0.001323814,0.000638662,0.018104557,0.000810839
10,12,-623.0241177,-216.8276284,-620.1940077,-140.919771,-1189.612085,-1878.957717,-1869.02576,-140.919771,0.001605074,0.004611958,0.001612399,0.007096236,0.00084061,0.00053221,0.000535038,0.007096236,0,36231,0,10,18588,226536,1482,54,0,75907,1410696,6224,387,2394,411,6889,2,2,16,93,0,1,0,3,3,6,4,19,18,36,14,1,3,2,25.21774843,380.391723,1.762640629,0.131398118,0,48.89291791,1020.68503,3.929007598,0.260243842,2.00699742,0.180049143,3.012345115,0.03013936,0.004298947,0.006798017,0.008006369,0.011036027,0.065664668,0.011564907,0.014061194,0.021962452,0.014798321,0.00084061,0.001539851,0.000897331,0,0,0,0,0,0,18588,190305,36231,683,799,27337,5176,14,43380,1118816,288895,2985,4914,1310,0,0,3,2,1,6,0,6,13,13,4,1,35,1,0,0,0,25.21774843,213.2958586,167.0958644,0.84149175,0.921148878,11.47469195,2.173012479,0.006229523,35.23898396,627.8694371,391.5489111,1.266682279,2.756887833,1.172119766,0,0.004298947,0.002186059,0.004611958,0.008006369,0,0.002882697,0.008682211,0.007041446,0.006596001,0.000423747,0.021399569,0.000562883
11,13,-1420.960794,-2306.823527,-1175.168245,-1127.092873,-4991.045764,-2307.283712,-1997.852515,-1127.092873,0.000703749,0.000433497,0.000850942,0.000887238,0.000200359,0.00043341,0.000500537,0.000887238,0,0,0,0,0,0,0,0,0,33282,120300,2825,475,0,548,3456,0,0,0,57,0,0,0,0,0,0,0,20,2,15,18,0,3,1,0,0,0,0,0,17.84256935,52.13445754,1.337974991,0.226447471,0,0.199124647,1.726547984,0,0,0,0,0,0.028569353,0.010007034,0.000825978,0.006933421,0.009222334,0,0.001080049,0.000500537,0,0,0,0,0,0,0,0,0,0,0,3930,2714,51,26587,270,120000,30,1013,1812,0,0,0,0,0,0,0,6,13,1,1,0,8,7,0,0,0,0,0,0,0,0,2.111771811,1.484453179,0.01988767,14.22645669,0.104821676,52.01958389,0.010051968,0.507198058,0.830776933,0,0,0,0,0,0,0.003268878,0.006397001,0.000392481,0.000433497,0,0.003603154,0.003330267
12,14,-376.2585858,-2821.757263,-296.2704302,-296.2704302,-3908.990428,-2707.377706,-2603.136704,-296.2704302,0.002657747,0.000354389,0.003375295,0.003375295,0.000255821,0.000369361,0.000384152,0.003375295,3396,0,50,23,7262,0,50,47,8,34292,120042,1287,426,5,122,3466,0,4,7,49,2,0,1,4,0,1,2,18,1,10,18,0,1,1,15.30135271,0,0.168764733,0.09248816,0.027002357,25.69693877,42.54207242,0.68079924,0.248929814,0.001717033,0.070907856,1.330248243,0.015141044,0.007980871,0,0.003375295,0.003784878,0.032980745,0.014155879,0.000354389,0.007123078,0.010592812,0,0.000370436,0.000384152,3396,0,50,1320,409,3,5530,0,0,0,50,3567,2600,50,28075,42,120000,0,819,468,0,1,3,0,0,0,1,5,12,0,1,0,5,5,2.194938952,0.67812792,0.004964049,12.42332179,0,0,0,0.168764733,3.056906479,1.485211185,0.022260202,21.13256091,0.015381141,42.52669128,0,0.343546433,0.337252807,0.001511249,0.006469622,0,0,0,0.003375295,0.003646183,0.010145939,0,0.000354389,0,0.002098861,0.005024217
13,15,-229.6418768,-147.2541933,-229.6418768,-562.7245742,-1458.068361,-1471.525455,-3474.902526,-147.2541933,0.004354606,0.006790978,0.004354606,0.001777068,0.000685839,0.000679567,0.000287778,0.006790978,795,132580,590,1,1275,228180,2287,110,0,70872,917702,14525,1019,13723,1343,50,2,4,13,113,0,2,2,1,4,6,2,19,17,56,13,5,2,0,3.982538836,662.4627029,3.483789484,0.178568599,0,39.96951591,1005.995234,9.584648756,0.590505847,6.870010827,0.637286246,0.027720757,0.029111689,0.001084639,0.01315816,0.011660362,0.003208528,0.079813661,0.009862691,0.020052059,0.037538392,0.009078461,0.002338998,0.00094306,0,795,428,162,0,0,0,1275,65000,163180,1567,720,17846,7149,31,45846,223728,663974,30000,9500,5025,2,0,1,1,3,5,1,6,13,5,11,1,44,12,0,0,0,3.982538836,85.01993303,577.4427699,2.495964829,0.987824655,11.12664503,3.874311982,0.017008169,24.95155073,189.4646646,797.8419664,18.68860323,6.558529534,3.026119221,0,0.001084639,0.001307999,0.011850161,0.010552972,0.00110739,0.002814757,0.007047934,0.00388506,0.015544046,0.000622953,0.030733913,0.006804478
14,16,-674.2758598,-472.2514013,-204.7258225,-204.7258225,-674.2758598,-738.55892,-2237.596686,-204.7258225,0.001483073,0.002117516,0.004884582,0.004884582,0.001483073,0.001353988,0.000446908,0.004884582,0,12021,1118,24,8207,42621,2714,159,918,156936,1848287,18522,521,6682,2178,9290,1,6,21,145,0,1,5,1,2,14,3,37,23,63,13,2,4,2,10.963368,68.43101619,5.790096309,0.29932466,1.24296109,83.34617856,1014.176757,13.7845991,0.474539618,4.52499477,1.948817317,3.950697917,0.038582072,0.001311501,0.003521972,0.028318122,0.004076488,0.099707262,0.018735927,0.013939688,0.053815104,0.008466537,0.000917145,0.002997248,0.000835613,0,780,338,3106,746,4,4351,0,42621,2022,692,51559,17571,64,87742,856588,961699,30000,11474,7048,4,0,1,0,2,11,3,15,22,9,13,1,50,13,4.07287443,0.958052246,0.005148276,5.927293052,0,68.43101619,4.057364839,1.73273147,24.76718931,8.275223392,0.033793548,50.26997231,353.4913259,649.5095697,11.17586138,8.990445998,4.794153102,0,0.001311501,0,0.003521972,0.022265625,0.006052497,0.00623581,0.012500117,0.003919414,0.009647746,0.000372529,0.042800412,0.011014692
15,17,-791.3645824,-584.5895217,-107.2257712,-618.5072667,-833.0557392,-414.5010386,-1994.103445,-107.2257712,0.00126364,0.001710602,0.009326116,0.001616796,0.0012004,0.002412539,0.000501478,0.009326116,0,0,442,3,16198,12021,2656,24,960,158488,1872842,18835,461,6682,2208,9290,1,3,19,144,0,0,2,3,1,14,0,38,21,65,11,2,4,2,17.76387807,20.56314654,6.096418633,0.061931062,2.268571193,88.01212888,1023.139896,14.28870975,0.336225117,3.944738312,3.012538123,4.323882996,0.035925008,0.003387895,0.001710602,0.028413972,0,0.09956594,0.020524051,0.012242737,0.054598745,0.006402353,0.000850407,0.00404055,0.000907097,0,188,254,2890,795,5,12508,0,12021,1963,693,51607,17456,64,89361,845754,997088,30000,11597,7238,1,1,2,0,1,11,3,15,23,7,13,1,51,14,3.300785658,0.914768793,0.005886349,13.54243727,0,20.56314654,3.098029213,2.99838942,25.34648106,8.551779188,0.034895735,54.07897289,376.5445641,636.5859662,10.00936609,8.096223176,6.192486573,0.00126364,0.002124255,0,0.001710602,0.016646115,0.011767858,0.007034144,0.013489907,0.003195931,0.008713161,0.000333646,0.037380674,0.017218071
16,18,-166.9696653,-274.9462046,-692.1759789,-516.0449744,-1309.080909,-845.2808654,-3305.481114,-166.9696653,0.005989112,0.003637075,0.001444719,0.001937816,0.000763895,0.001183039,0.000302528,0.005989112,1871,35000,0,0,4059,35000,619,59,50,75006,762775,11893,1087,4139,264,250,1,3,10,104,1,2,0,2,2,3,2,22,14,48,15,2,2,0,9.744489983,91.78932486,0.703980566,0.108839901,0.059151936,41.3459609,431.6938226,6.390063157,0.607596234,2.659462742,0.164879725,0.222875565,0.020530929,0.007897244,0.005794638,0.003718193,0.003120854,0.068037294,0.017503081,0.012229518,0.026073064,0.01015889,0.00132525,0.000747492,0,1871,0,0,1050,329,3,2677,24000,11000,582,37,25162,10762,46,39036,207093,555652,30,6977,4916,0,1,1,1,1,3,0,12,10,4,10,0,39,9,2.003539234,0.627775627,0.005724398,7.107450725,51.78149854,40.00782632,0.663102396,0.04087817,12.75532848,6.036055942,0.027102738,22.52747374,159.8203412,271.8489229,0.024558544,3.939112282,2.450950875,0.001908133,0.005989112,0.002157562,0.003637075,0.003718193,0,0.007556925,0.009946156,0.00386128,0.008368238,0,0.021583279,0.004489785
17,19,-662.6426555,-767.9801316,-103.905451,-662.6426555,-2012.85276,-1513.020204,-3433.64152,-103.905451,0.001509109,0.001302117,0.009624134,0.001509109,0.000496807,0.00066093,0.000291236,0.009624134,0,0,219,0,2042,14544,603,43,10,55548,745115,12257,1058,4139,369,250,1,1,8,95,0,0,1,2,2,2,1,20,13,45,13,2,1,0,2.924917089,17.01938202,2.621284033,0.060136237,0.01302117,33.47906505,364.6067541,8.122188502,0.487154145,1.913762087,0.18014825,0.291620111,0.01764248,0.002775389,0.002429815,0.0109642,0.001473076,0.062384178,0.013173409,0.008091405,0.032138582,0.007678154,0.000936146,0.000366483,0,0,219,0,1082,337,3,620,100,14414,235,368,21402,10276,41,23829,207093,537992,30,6019,6238,1,1,1,0,2,1,1,12,8,4,9,0,35,10,1.626232202,0.5069138,0.004527327,0.78724376,0.130211702,16.85010681,2.128519253,0.49276478,12.58712756,6.399914194,0.027166001,14.4648573,132.9933439,231.5743467,0.039063511,5.203076756,2.919111746,0.001509109,0.00126628,0,0.002429815,0.009624134,0.001340066,0.008099606,0.005073803,0.002627833,0.005463572,0,0.027177867,0.004960715
18,20,-52.37610623,-374.96572,-478.8633239,-340.7720636,-2089.01292,-945.7581912,-3079.740249,-52.37610623,0.019092675,0.00266691,0.002088279,0.002934513,0.000478695,0.001057353,0.000324703,0.019092675,13314,2200,25,49,21799,2200,721,179,194,42299,126166,10163,1229,2927,392,0,3,8,20,105,5,1,1,9,1,6,4,22,4,60,17,1,0,0,128.0237027,5.867203008,0.916399602,0.297758817,0.210812927,139.4844129,50.56929816,5.815319841,0.751550142,1.412030482,0.308820534,0,0.066215197,0.048413306,0.00266691,0.008538054,0.006596927,0.107677072,0.055262767,0.003806268,0.03487486,0.013254483,0.000478695,0,0,5637,7,18,11958,3271,25,6545,2200,0,369,352,18834,4981,32,18452,3394,122732,40,8086,2077,1,6,3,1,0,5,1,10,12,2,2,0,51,9,81.71963345,19.8920447,0.164336981,26.24768756,5.867203008,0,0.525654778,0.390744824,85.91550928,20.91655188,0.167812834,32.48453889,6.360597216,44.1775308,0.031170143,4.49135249,1.32396735,0.035998365,0.01241494,0.00266691,0,0.007480701,0.001057353,0.038173996,0.017088771,0.00307626,0.000730008,0,0.030075468,0.004799392
19,21,-697.5054136,-825.7526313,-354.2175798,-407.7191063,-3342.095355,-1731.834975,-3600.946442,-354.2175798,0.001433681,0.001211016,0.002823124,0.002452669,0.000299213,0.000577422,0.000277705,0.002823124,0,0,408,21,1233,1164,2095,57,30,33716,44285,9159,650,14,659,0,0,2,13,90,0,0,1,2,1,7,3,17,4,54,14,0,1,0,1.337414018,1.413160031,3.051017146,0.096992078,0.073580069,18.03997992,23.80765395,6.896348106,0.416723528,0.008881861,0.384789844,0,0.019279311,0.002560555,0.001211016,0.010448174,0.005059566,0.058003429,0.010351545,0.002890272,0.034019479,0.010266705,0,0.000475427,0,0,408,0,83,26,1,1123,1164,0,1631,464,14054,3794,29,15839,4413,39832,40,7151,2008,1,1,1,1,0,6,1,8,9,3,1,0,47,7,0.093530592,0.02929874,0.001126875,1.213457812,1.413160031,0,2.566434095,0.484583052,7.156509245,1.86753493,0.015429839,9.000505902,3.464604088,20.32714733,0.015902534,5.625423541,1.270924566,0.001126875,0.001433681,0.001211016,0,0.008664334,0.00178384,0.004524596,0.00582695,0.00237995,0.000510322,0,0.029343281,0.004676198
20,22,-1014.163563,-925.4975285,-795.5725942,-933.2340384,-3169.841424,-2105.486773,-4263.712464,-795.5725942,0.000986034,0.0010805,0.001256956,0.001071543,0.000315473,0.00047495,0.000234537,0.001256956,0,0,0,0,0,2200,155,80,0,45328,3397,10835,1141,11,473,0,0,0,5,104,0,0,0,0,1,3,1,22,2,63,16,0,0,0,0,2.377099811,0.177215607,0.085723406,0,28.73667012,2.825858927,5.262001717,0.512266797,0.008597652,0.236741137,0,0.005654693,0,0.0010805,0.003502651,0.001071543,0.058044909,0.014517014,0.001451422,0.033872419,0.008204054,0,0,0,0,0,0,0,0,0,0,2200,0,77,78,20628,5502,35,19163,3367,0,30,8080,2755,0,0,0,1,0,2,1,11,11,2,0,0,54,9,0,0,0,0,2.377099811,0,0.08337245,0.093843157,14.1330217,3.809369809,0.024721909,10.7695567,2.81137574,0,0.014483186,4.039394286,1.222607431,0,0,0.0010805,0,0.00229036,0.001212291,0.00721735,0.007299664,0.001451422,0,0,0.028948825,0.004923594
21,23,-616.4932113,-724.862068,-718.673912,-914.6574326,-1207.894696,-1113.942193,-3754.897171,-616.4932113,0.001622078,0.001379573,0.001391452,0.001093305,0.000827887,0.000897713,0.000266319,0.001622078,0,0,0,0,3443,38544,595,52,10,48070,762725,10491,1047,4139,431,250,0,0,9,99,0,0,0,2,3,3,1,18,14,48,15,2,0,0,4.063754418,45.21776953,0.760109952,0.054583684,0.01050002,24.15441523,358.159018,5.736242939,0.588171505,3.07436532,0.21290829,0.254886042,0.010949326,0.002715383,0.003526294,0.003664747,0.001042901,0.055317589,0.010236677,0.008979204,0.025521458,0.009066516,0.001513734,0,0,0,0,0,1082,337,3,2021,24100,14414,585,10,16926,9213,44,21887,207043,555652,30,6799,3692,0,1,1,1,2,3,0,11,7,4,10,0,41,7,1.181570839,0.368097525,0.003279916,2.510806137,26.42626158,18.76000789,0.749609932,0.01050002,8.006822209,4.442335465,0.021678644,11.68357891,131.8744644,226.2530536,0.031500061,3.72739466,2.00884828,0.001093305,0.001622078,0.001096719,0.002429575,0.003664747,0,0.005848774,0.004387903,0.002708315,0.006270889,0,0.021673333,0.003848125
22,24,-579.1774078,-532.3062042,-191.8916306,-996.7736742,-1633.780748,-532.3062042,-848.6796023,-191.8916306,0.001726587,0.001878618,0.005211275,0.001003237,0.000612077,0.001878618,0.001178301,0.005211275,0,0,834,0,34201,679227,2973,28,427,168380,1540387,16658,696,4141,2179,9290,2,3,22,156,0,0,2,6,5,7,0,45,19,67,16,1,4,2,46.05033663,947.998244,5.553077947,0.028719744,0.749897866,112.6465759,1479.074299,13.07045359,0.359302895,2.31137593,2.056376616,10.41901568,0.032692823,0.008183007,0.006852075,0.014192772,0,0.102454132,0.027529204,0.014031746,0.046523168,0.008360821,0.000612077,0.003183133,0.002213983,0,545,289,3760,486,5,29950,30,679197,1547,1426,49581,16266,73,102460,547216,993171,0,10911,5747,1,0,6,0,5,5,2,19,26,5,14,0,54,13,4.33572696,0.523745787,0.005388331,41.18547555,0.033051333,947.9651927,3.054090788,2.498987159,27.09171735,9.049023051,0.041312851,76.46452264,394.7606385,1084.31366,0,8.030034754,5.040418833,0,0.008183007,0,0.006852075,0.00797826,0.006214511,0.009567285,0.017961918,0.003336837,0.010694909,0,0.033807474,0.012715694
23,25,-838.5845696,-674.696,-643.3272432,-766.080171,-859.2240961,-1295.566563,-4243.249151,-643.3272432,0.001192486,0.001482149,0.001554419,0.001305346,0.001163841,0.000771863,0.000235668,0.001554419,0,0,0,0,848,18080,1161,151,40,35442,554987,9067,972,4144,399,268,0,0,13,88,0,0,0,1,2,5,3,15,13,43,13,2,0,0,0.943467214,25.00968314,1.348268205,0.18908248,0.051621931,16.08566063,270.7865451,5.344686389,0.717477171,4.77982667,0.22144515,0.202119615,0.016195484,0.0010296,0.002575772,0.006522133,0.003763812,0.053285626,0.007468676,0.008245582,0.025654331,0.009612869,0.002304167,0,0,0,0,0,300,105,2,441,10,18070,559,602,13450,8505,31,13456,302933,252024,30,6163,2904,0,1,0,0,2,4,1,10,5,6,7,0,38,5,0.30887989,0.108107961,0.002059199,0.524420164,0.014471174,24.99521196,0.734121789,0.614146417,5.656706494,3.398066287,0.014256458,7.016631394,156.5442961,114.2186379,0.023611089,3.487035044,1.857651346,0.0010296,0,0,0.002575772,0.005503891,0.001018242,0.004775453,0.002693223,0.003006118,0.005239464,0,0.02228773,0.003366601
24,26,-386.4275074,-1100.174982,-386.4275074,-392.0612499,-2294.355081,-694.4392996,-2180.141453,-386.4275074,0.002587807,0.000908946,0.002587807,0.002550622,0.000435852,0.001440011,0.000458686,0.002587807,4689,0,786,18,24112,0,1074,52,51,139225,980417,17080,724,4500,695,9490,0,4,13,138,2,0,2,8,0,3,1,37,15,60,17,2,3,2,38.50765755,0,2.169096684,0.093997794,0.073440544,96.14737393,483.2766945,10.09514666,0.402365974,1.878487153,0.376906886,3.654302836,0.020425165,0.013533796,0,0.005812301,0.001079069,0.083334767,0.027819628,0.007830143,0.035567898,0.008995214,0.000821958,0.001504575,0.000795351,1110,705,81,9257,7076,22,7757,0,0,977,97,47752,13324,68,78081,207118,773269,30,9293,7787,2,7,1,0,0,3,0,18,19,4,11,0,46,14,15.11800869,12.2386849,0.03766747,11.11329649,0,0,1.939557416,0.229539269,35.76205653,15.74215194,0.06233073,44.58083472,106.6759636,376.5860093,0.014721548,6.21734849,3.877798173,0.012327048,0.001206748,0,0,0.005812301,0,0.018195669,0.009623959,0.002347909,0.005482233,0,0.028869852,0.006698047
25,27,-456.3772922,-938.4379458,-560.5359589,-611.8022319,-940.2919533,-1811.277148,-4672.088273,-456.3772922,0.002191169,0.001065601,0.001784007,0.001634515,0.001063499,0.000552097,0.000214037,0.002191169,416,0,0,0,416,13495,668,41,60,30755,302250,8845,976,4144,668,268,0,1,9,80,1,0,0,1,1,5,1,12,8,42,13,2,1,0,0.911526509,14.38921638,1.034651871,0.045081997,0.093205649,14.04133453,152.0947575,5.090712898,0.637435698,3.88462293,0.341369879,0.210615721,0.012775548,0.002191169,0.001065601,0.007434761,0.001020518,0.047826694,0.007156687,0.005153122,0.025567266,0.007779882,0.001814011,0.000355726,0,9,0,0,300,105,2,9,25,13470,660,8,11484,4642,20,14609,182776,119444,30,5916,2929,0,1,0,0,1,5,0,7,5,3,5,0,36,6,0.657350848,0.230072797,0.004382339,0.019720525,0.035576849,14.35363953,1.026143876,0.008507996,5.141879974,2.032883777,0.012329167,6.854241611,92.74058006,59.32783065,0.02634683,3.401004949,1.689707949,0.002191169,0,0,0.001065601,0.007434761,0,0.004725357,0.00243133,0.00154292,0.003610202,0,0.022180598,0.003386668
26,28,-471.0270058,-494.2894262,-471.0270058,-566.3592265,-907.1530517,-730.8532934,-3447.883194,-471.0270058,0.002123021,0.002023106,0.002123021,0.001765664,0.00110235,0.001368264,0.000290033,0.002123021,464,79536,154,0,1750,84136,2341,54,50,78653,765186,14669,1108,11865,1258,250,0,2,12,123,0,1,1,1,2,5,3,24,17,59,14,4,2,0,2.793668714,166.6679845,3.016301452,0.091302824,0.068413183,35.21063583,577.1934605,8.837148701,0.694805696,6.106142145,0.524533579,0.1438733,0.017588559,0.001320585,0.003274891,0.007075223,0.00481551,0.07185774,0.011053186,0.012266276,0.033561064,0.011744173,0.002392889,0.000840152,0,464,154,0,0,0,0,1750,79536,4600,1122,1219,28885,12561,49,37158,223843,511313,30030,9487,5182,1,0,1,1,1,3,2,13,11,5,11,1,46,13,0,0,0,2.793668714,160.9097743,5.758210232,1.553113907,1.463187545,11.73229044,5.145548098,0.02066394,18.31213335,257.797529,307.5027459,11.8931856,5.602270318,3.234878382,0,0.001320585,0.002023106,0.001251785,0.004803902,0.002271321,0.005053062,0.006000123,0.004717634,0.00715258,0.000396062,0.026398626,0.007162438
27,29,-178.3968265,-87.42201069,-174.0276139,-158.7492195,-413.2567433,-1369.776519,-4486.128363,-87.42201069,0.005605481,0.011438767,0.005746215,0.006299244,0.002419803,0.000730046,0.000222909,0.011438767,432,13480,767,151,432,97616,1333,708,25,36549,405657,10444,1180,7064,268,250,6,9,17,98,0,1,3,0,3,6,6,17,11,48,17,3,0,0,2.42156774,250.2283605,3.07305883,1.558556339,0.143655363,17.68437459,382.0765681,7.526808278,1.747691704,10.43229942,0.275073054,0.139704526,0.057985326,0,0.014211513,0.018126504,0.021158694,0.094892926,0.007459505,0.017996437,0.038809995,0.025796816,0.004830172,0,0,432,165,602,0,0,0,432,79546,18070,439,894,18530,6866,32,11121,228533,177064,60,7272,3172,2,0,0,1,2,4,2,11,6,5,6,0,42,6,0,0,0,2.42156774,88.50918126,161.7191792,1.286794596,1.786264234,7.425405405,2.653131385,0.013264849,7.592572955,154.6939056,227.3563151,0.026347445,4.688585111,2.838223167,0,0,0.001112097,0.013099417,0.014285525,0.003840979,0.004669155,0.00279035,0.002930227,0.01506621,0,0.033199274,0.005610721
28,30,-374.7068295,-620.3393788,-374.7068295,-625.1150136,-820.7316015,-625.1150136,-3556.287725,-374.7068295,0.002668753,0.001612021,0.002668753,0.001599706,0.001218425,0.001599706,0.000281192,0.002668753,90,0,18,0,4523,119136,674,74,50,51509,889225,11945,1111,4139,271,250,0,1,13,103,0,0,1,2,4,3,3,18,17,47,16,2,1,0,5.988033776,140.2712512,0.951248198,0.095871567,0.079985281,26.06606693,460.1316385,6.602960738,0.68807159,3.824773404,0.188278189,0.215347404,0.018752532,0.002703818,0.005345599,0.005372394,0.004112296,0.062972482,0.009967612,0.011407344,0.027626811,0.011646362,0.001945605,0.000378747,0,90,18,0,1050,329,3,3141,103536,15600,517,157,19592,9787,44,22086,302943,586252,30,7759,4186,1,1,1,2,2,3,0,11,7,6,11,0,39,8,1.067058914,0.334345126,0.00304874,4.583580996,116.4049153,23.86633594,0.753263388,0.19798481,8.629184555,4.577962941,0.020958407,12.83796102,197.8785741,262.2327602,0.020304318,4.294924244,2.308036494,0.001016247,0.001687572,0.002400077,0.002945522,0.005372394,0,0.005500304,0.004467309,0.004075769,0.007331575,0,0.023338071,0.00428874
29,31,-1251.812795,-1458.308384,-1168.865514,-1253.509876,-3412.014726,-1489.317801,-2846.336271,-1168.865514,0.000798841,0.000685726,0.00085553,0.00079776,0.000293082,0.000671448,0.000351329,0.00085553,0,0,0,0,0,0,0,0,0,181346,478567,14865,179,3,1149,7008,0,0,0,128,0,0,0,0,0,0,0,59,11,43,11,0,2,2,0,0,0,0,0,76.348798,262.3017852,6.185398621,0.078141705,0.001861291,0.482686461,2.462090579,0,0,0,0,0,0.056999771,0.024875125,0.005406645,0.019961174,0.005006276,0,0.001050628,0.000699922,0,0,0,0,0,0,0,0,0,0,0,49418,13987,88,117853,92945,379872,5750,5393,9472,0,0,0,0,0,0,0,23,36,4,6,1,29,14,0,0,0,0,0,0,0,0,21.94814197,6.112646294,0.039828236,48.2481815,44.83864458,215.2344752,2.228665424,2.349188257,3.836210364,0,0,0,0,0,0,0.010459907,0.014415218,0.001884582,0.003134469,0.000387594,0.013678584,0.00628259
30,32,-876.466828,-1157.518696,-1166.444968,-1161.267142,-2191.048035,-2790.758621,-2769.689308,-876.466828,0.001140944,0.000863917,0.000857306,0.000861128,0.000456403,0.000358326,0.000361051,0.001140944,0,0,0,0,1933,0,0,0,0,87891,541243,14254,486,202,297,3008,0,0,1,102,0,0,0,1,0,0,0,35,12,40,12,0,1,2,2.205445703,0,0,0,0,38.14199696,197.3145652,7.059241496,0.235183445,0.092457951,0.13088914,1.088350726,0.001140944,0.001140944,0,0,0,0.045673198,0.015329486,0.004910216,0.018534293,0.005530233,0,0.000358326,0.001010644,0,0,0,0,0,0,1933,0,0,0,0,29884,7135,49,50823,148225,325812,67206,6089,8165,0,0,1,0,0,0,0,11,24,5,4,3,28,12,0,0,0,2.205445703,0,0,0,0,12.4052467,2.990194478,0.020049662,22.72650612,62.74465379,111.9271021,22.64280926,3.032469886,4.02677161,0,0.001140944,0,0,0,0,0.004886746,0.010442739,0.002480519,0.001403513,0.001026184,0.012769205,0.005765089
31,33,-1001.838846,-1359.114507,-1001.838846,-1427.281819,-3188.162822,-2744.428221,-2207.792512,-1001.838846,0.000998165,0.000735773,0.000998165,0.000700632,0.00031366,0.000364375,0.000452941,0.000998165,0,0,0,0,0,0,0,0,0,70764,164026,10179,405,5,372,9117,0,0,0,79,0,0,0,0,0,0,0,25,5,34,11,0,2,2,0,0,0,0,0,34.32491662,76.77520055,5.203538776,0.175254249,0.001896581,0.153079616,4.129756767,0,0,0,0,0,0.039554219,0.012715807,0.002588349,0.017655863,0.004931549,0,0.00072019,0.000942461,0,0,0,0,0,0,0,0,0,0,0,21340,6063,30,43331,20055,143966,5,5124,5055,0,0,0,0,0,0,0,10,15,2,3,0,26,8,0,0,0,0,0,0,0,0,10.07032667,2.704035951,0.0147781,21.5357759,10.48568499,66.28751102,0.002004535,2.593718803,2.609819973,0,0,0,0,0,0,0.004189271,0.008526536,0.00105448,0.001533869,0,0.012981856,0.004674007
32,34,-203.277777,-327.5051208,-322.9660974,-320.1365201,-3719.909227,-771.8666674,-3507.550423,-203.277777,0.004919377,0.003053387,0.0030963,0.003123667,0.000268824,0.001295561,0.000285099,0.004919377,17847,17000,309,8,41113,279275,2365,62,879,188947,790424,20119,119,0,1164,0,1,8,30,131,5,1,1,10,4,9,6,56,10,52,11,0,2,0,80.81755576,374.5775373,3.485339569,0.108159896,1.100012897,167.2076075,707.1787235,13.22352052,0.140965399,0,1.234208385,0,0.05372563,0.022062376,0.007073654,0.013350183,0.009943857,0.110951263,0.048339198,0.01082716,0.0372593,0.01278504,0,0.001740565,0,3692,132,177,14639,3658,23,22793,25,279250,1413,952,48991,13867,85,126004,106974,650950,32500,6348,13771,0,6,4,0,4,7,2,22,34,3,6,1,37,15,40.51301882,8.533472698,0.05991733,31.71114691,0.027079387,374.5504579,2.098843206,1.386496363,62.60994564,15.28634751,0.097808467,89.21350589,58.10890724,631.7786212,17.29119512,4.868464256,8.355056269,0.017270811,0.004791565,0,0.007073654,0.009848724,0.003501459,0.027512271,0.020826927,0.001695849,0.008599275,0.000532037,0.02649271,0.010766589
33,35,-566.5575275,-978.6848763,-677.5271155,-638.9189509,-3540.557609,-4363.172361,-1089.641158,-566.5575275,0.001765046,0.001021779,0.001475956,0.001565144,0.000282441,0.000229191,0.000917733,0.001765046,0,0,0,0,19820,5515,1962,58,50,52928,127172,8540,724,2,115,28837,0,0,17,76,0,0,0,6,1,6,4,21,5,32,14,0,0,4,29.31150399,5.640375717,2.372563256,0.08552407,0.063016058,44.84695091,76.90853562,6.047191658,0.457604179,0.002745236,0.089028641,17.60389356,0.022594483,0.008925929,0.001021779,0.007243156,0.005403618,0.053654322,0.016107017,0.003171688,0.021650696,0.010204976,0,0,0.002519945,0,0,0,11809,3152,11,4848,5510,0,1065,897,22446,7120,32,23330,52251,74916,5,5008,3532,0,4,2,1,0,5,1,9,12,3,2,0,24,8,17.97497574,4.79920341,0.017528622,6.519796215,5.633512626,0,1.312863921,1.059699334,22.42322672,6.437836012,0.027278179,15.95860999,28.49942234,48.40225019,0.006863091,3.414524553,2.632667106,0.005948689,0.00297724,0.001021779,0,0.00606599,0.001177167,0.00802829,0.008078727,0.001955477,0.001216211,0,0.01615927,0.005491426
34,36,-120.5824601,-801.7616137,-95.3584061,-623.4754927,-2281.673234,-2504.212437,-1433.385545,-95.3584061,0.00829308,0.001247254,0.010486752,0.001603912,0.000438275,0.000399327,0.000697649,0.010486752,4729,0,237,1,5826,22500,277,55,78,149124,562726,13255,556,232,290,35002,2,3,9,123,2,0,1,3,1,3,2,56,13,37,11,0,0,6,26.45540216,28.06320434,2.331756976,0.064582241,0.116794245,98.42000777,258.7556352,9.601281117,0.309980962,0.132947521,0.213611324,15.17250532,0.028479312,0.011937492,0.001247254,0.013152399,0.002142168,0.085904244,0.039001871,0.006866064,0.030769462,0.006490617,0,0,0.002776231,212,157,80,3710,922,5,1189,22500,0,167,110,40567,10466,56,98035,270330,225190,67206,5865,7390,1,2,1,1,0,2,1,18,38,8,2,3,26,11,18.49739392,4.982620449,0.022707658,2.952680136,28.06320434,0,1.592100067,0.739656909,36.256598,9.347914521,0.047508225,52.76798703,149.7585594,84.72160412,24.27547171,4.72674989,4.874531227,0.010333579,0.001603912,0.001247254,0,0.012074497,0.001077902,0.017680566,0.021321304,0.0047671,0.000767482,0.001331482,0.023921283,0.006848179
35,37,-286.3581788,-880.9941637,-286.3581788,-484.2737353,-2381.000325,-1831.30584,-497.8683982,-286.3581788,0.00349213,0.001135081,0.00349213,0.002064948,0.000419992,0.000546058,0.002008563,0.00349213,8542,0,538,11,34800,112500,1466,118,68,173266,511809,13134,918,232,283,41668,0,7,25,138,5,0,1,15,2,5,2,63,13,40,13,0,0,9,59.71426434,121.5784265,3.225313798,0.140648213,0.105286261,126.4259127,281.6021482,10.06483998,0.507588591,0.113783382,0.246259712,27.21963911,0.041805589,0.025904997,0.002202182,0.009157369,0.002532478,0.09895429,0.049545959,0.007319511,0.028214256,0.008047802,0,0,0.005826762,6159,242,296,10258,1550,10,22982,112500,0,1118,348,43443,13239,67,116517,303304,141299,67206,6439,6695,0,3,12,2,0,4,1,22,41,8,2,3,30,10,16.57180038,2.60186421,0.016812286,40.52378747,121.5784265,0,2.124975772,1.100338026,33.75169815,8.28343073,0.042373984,84.34840986,206.0895306,49.83685776,25.6757599,4.84648317,5.218356808,0.004917472,0.020987525,0.002202182,0,0.005665239,0.00349213,0.014065305,0.035480654,0.005113214,0.000696494,0.001509804,0.018740941,0.009473315
36,38,-262.90345,-392.5079364,-398.6390717,-476.2561032,-538.4553883,-2092.493619,-2709.534857,-262.90345,0.003803678,0.002547719,0.002508535,0.002099711,0.001857164,0.000477899,0.000369067,0.003803678,9576,77136,335,9,13452,77136,1996,275,10,79339,373190,11320,799,202,328,4158,0,8,14,101,2,3,1,3,3,5,3,33,9,41,13,0,0,4,40.10821645,172.8860956,3.388572554,0.404815576,0.023390412,78.99820778,315.8877889,8.807377501,0.707942085,0.374324785,0.172412387,1.436921944,0.028314204,0.007659224,0.00704222,0.007949241,0.005663519,0.073107639,0.023676403,0.009971096,0.026556593,0.011160486,0,0,0.001743061,415,335,0,7170,1982,9,4291,15680,0,966,1030,26002,8472,37,44828,208434,103300,61456,7311,4009,1,2,1,1,0,4,1,11,22,6,1,2,34,7,26.36835964,7.299287842,0.032937957,6.407631011,39.93936869,0,1.53970959,1.848862964,37.75343086,10.96931269,0.049977386,30.22548684,130.2433253,52.6977367,132.9467269,4.97460743,3.832770071,0.006312213,0.001347011,0.002547719,0,0.006092077,0.001857164,0.011573353,0.012103051,0.004968395,0.0005082,0.004494501,0.021369603,0.005186991
37,39,-295.7829728,-719.1536804,-232.466961,-852.6509057,-2389.301412,-1728.05726,-1055.676503,-232.466961,0.003380857,0.001390523,0.004301687,0.001172813,0.000418532,0.000578685,0.00094726,0.004301687,1230,0,660,0,5334,157299,1666,62,25,128397,492506,10017,660,199,233,1150,2,5,16,117,2,0,2,4,2,7,2,44,11,46,13,0,0,2,10.38752494,214.937216,4.104612617,0.068230329,0.084521431,70.95490301,361.9803923,8.185804672,0.333701349,0.083795926,0.190388544,1.045229349,0.027981836,0.008833984,0.002717867,0.014191123,0.002238862,0.078177835,0.028566027,0.006860104,0.033759417,0.007318364,0,0,0.001673922,1230,180,480,776,253,2,4303,59999,97300,1186,480,48750,12198,59,67390,246354,184696,61456,7671,2346,1,0,4,1,1,6,1,17,27,5,4,2,39,7,1.486419134,0.484618609,0.003830977,8.412656221,79.63929203,135.297924,2.039803072,2.064809545,26.24872684,7.1951957,0.033253716,37.47772676,153.6583432,173.8507427,34.47130644,5.236388819,2.949415853,0,0.008833984,0.001327344,0.001390523,0.009889436,0.004301687,0.008822686,0.019743342,0.003012555,0.00273663,0.001110919,0.026418137,0.00734128
38,40,-722.0913746,-1302.265212,-722.0913746,-1261.566078,-3246.821821,-1860.905221,-548.359395,-548.359395,0.001384866,0.000767893,0.001384866,0.000792666,0.000307993,0.000537373,0.001823622,0.001823622,0,0,0,0,17573,0,750,2,25,104910,326811,8919,313,0,165,1150,0,0,9,90,0,0,0,4,0,4,0,32,8,39,8,0,0,2,19.13277794,0,0.882270577,0.003647243,0.02921712,66.44660567,165.6695241,5.187489058,0.179444576,0,0.097767486,1.82877853,0.011070101,0.004419212,0,0.004827267,0,0.054646721,0.020346363,0.003857627,0.023556832,0.004580588,0,0,0.002305312,0,0,0,11106,2640,9,3818,0,0,470,280,45302,10633,50,48925,80659,184696,61456,5988,2931,0,2,2,0,0,2,2,14,18,2,4,2,33,6,11.77814622,2.832679665,0.009761834,4.512190213,0,0,0.499829309,0.382441269,29.82609987,6.837316579,0.030036972,29.75315226,42.93698749,98.96507009,23.7674665,3.427649674,1.759839384,0.002155595,0.002263618,0,0,0.002098467,0.0027288,0.008338955,0.012007408,0.000927668,0.002164956,0.000765003,0.018833376,0.004723456
39,41,-1293.994522,-686.148957,-1160.291431,-686.148957,-994.1149749,-1702.825986,-1169.748191,-686.148957,0.000772801,0.001457409,0.000861852,0.001457409,0.00100592,0.000587259,0.000854885,0.001457409,0,0,0,0,0,16030,0,5,0,55713,317021,7589,482,688,405,8919,0,0,2,61,0,0,0,0,1,0,0,16,5,24,12,1,0,3,0,23.36227409,0,0.007287047,0,25.62497502,169.2446184,3.688034558,0.260021578,0.692072866,0.211655815,6.530106076,0.002463329,0,0.001457409,0,0,0.031168159,0.0075791,0.0033012,0.011735124,0.005712036,0.00100592,0,0.001834779,0,0,0,0,0,0,0,0,16030,0,0,18145,1767,14,35787,23600,293421,0,4296,3293,0,0,0,0,1,0,0,4,12,1,4,0,22,2,0,0,0,0,0,23.36227409,0,0,7.552538637,0.761578028,0.005907067,17.30495129,9.956388257,159.2882302,0,2.216229221,1.471805337,0,0,0,0.001457409,0,0,0.00143197,0.00614713,0.000421881,0.002879319,0,0.010861187,0.000873937
40,42,-459.0482455,-1389.775194,-361.6753114,-664.8771855,-3735.528785,-1175.625642,-1120.580136,-361.6753114,0.00217842,0.000719541,0.002764911,0.001504037,0.0002677,0.000850611,0.000892395,0.002764911,2554,0,20,2,7034,0,784,157,3,57869,8500,15233,455,0,483,30519,0,3,10,77,2,0,1,3,0,5,2,17,1,43,10,0,1,5,11.73406313,0,1.328947609,0.204813035,0.004406542,39.56319933,4.647363673,9.216343047,0.387914507,0,0.324216731,13.4004992,0.017405317,0.005745121,0,0.009030126,0.002630069,0.053397671,0.013293766,0.000535949,0.028660599,0.007592404,0,0.000706868,0.002608085,864,20,0,2438,778,4,3814,0,0,782,2,16160,3924,20,37765,8500,0,0,7025,8208,1,2,1,0,0,5,0,6,11,1,0,0,35,8,4.384919754,1.400655777,0.007133402,5.941354193,0,0,1.325260204,0.003687405,11.55032997,3.143078695,0.014997732,24.85479293,4.647363673,0,0,4.34981576,4.866527286,0.003566701,0.00217842,0,0,0.009030126,0,0.005486321,0.007807445,0.000535949,0,0,0.024071453,0.004589146
41,43,-472.2831715,-836.15291,-737.0123166,-268.3814113,-1799.202741,-2451.15866,-1560.032937,-268.3814113,0.002117374,0.001195954,0.001356829,0.00372604,0.000555802,0.00040797,0.000641012,0.00372604,4192,0,0,64,10032,22210,386,89,0,84989,137021,8812,382,688,410,7161,0,2,9,77,1,0,0,3,1,3,2,26,3,34,10,1,0,2,15.33376271,26.56212726,0.463265182,0.273583262,0,65.42426016,78.73172832,4.644453937,0.395812181,0.382391592,0.155354681,3.007291636,0.014224136,0.004224714,0.001195954,0.003672762,0.005130707,0.048318284,0.017307739,0.00217872,0.018970845,0.00827629,0.000555802,0,0.001028889,2690,0,0,1152,348,2,8530,0,22210,256,130,34916,6578,33,43462,0,137021,0,4984,3828,0,0,3,0,1,2,1,9,17,0,3,0,29,5,2.439214585,0.736846072,0.004234748,12.15346731,0,26.56212726,0.311655711,0.151609471,26.9407957,4.54392115,0.022490076,33.91705323,0,78.73172832,0,2.659166268,1.985287669,0,0.004224714,0,0.001195954,0.002506535,0.001166227,0.005641737,0.011666002,0,0.00217872,0,0.015637341,0.003333503
42,44,-467.5426047,-103.2312525,-515.2549418,-821.6530264,-2413.610682,-2796.116187,-1751.902381,-103.2312525,0.002138843,0.009686989,0.001940787,0.001217059,0.000414317,0.000357639,0.000570808,0.009686989,110,22210,0,0,17383,22210,1093,76,20,101761,218207,8228,334,688,597,2061,1,2,10,78,1,1,0,4,1,4,1,29,5,31,8,1,1,2,24.22814628,215.148024,1.843443635,0.090023233,0.020219123,64.73348769,283.6486536,6.055190787,0.216395408,0.285050114,0.226025694,0.925106401,0.023518605,0.006390329,0.009686989,0.006224228,0.001217059,0.055477893,0.018007638,0.01118297,0.019892664,0.004722609,0.000414317,0.000344331,0.000913364,50,0,0,4272,408,2,12701,0,22210,842,251,40250,7857,34,53620,59999,158208,0,4377,3851,0,1,3,0,1,4,0,9,20,1,4,0,26,5,5.728350863,0.789708975,0.003801025,17.70628542,0,215.148024,1.487131091,0.356312544,23.69349294,4.603272678,0.019634941,36.41708714,20.2695016,263.379152,0,3.2483044,2.806886386,0.002138843,0.004251486,0,0.009686989,0.006224228,0,0.006206479,0.011801159,0.000337831,0.010845139,0,0.01661232,0.003280345
43,45,-879.4538024,-894.884372,-423.3511398,-423.3511398,-3557.701394,-637.4994617,-3108.87418,-423.3511398,0.001137069,0.001117463,0.002362105,0.002362105,0.00028108,0.001568629,0.00032166,0.002362105,0,25,749,9,306,48525,1159,10,107,194122,802197,13194,185,3,1184,0,0,3,10,130,0,0,2,0,1,7,1,60,12,43,13,0,2,0,0.347943234,54.25318414,2.04301888,0.022349961,0.172609553,101.471485,520.3995554,7.438043735,0.101210715,0.001290908,0.736290755,0,0.015043059,0,0.001117463,0.010107443,0.002249525,0.07520963,0.030513351,0.007426655,0.027252649,0.007972559,0,0.002044416,0,0,149,600,0,0,0,306,25,48500,529,630,52239,15033,93,126757,87425,676522,38250,5194,8000,1,0,0,0,1,5,2,24,36,3,7,2,30,13,0,0,0,0.347943234,0.056238127,54.19694602,0.779245608,1.263773272,29.6920807,8.397619677,0.051873996,63.32991059,46.24325768,460.9517874,13.20451034,2.983035049,4.455008686,0,0,0,0.001117463,0.007047542,0.003059901,0.013687226,0.016826125,0.001505403,0.005232825,0.000688426,0.019414142,0.007838507
44,46,-383.2922338,-768.8477427,-958.2642166,-1614.475059,-3433.13162,-1931.944375,-1399.468883,-383.2922338,0.002608975,0.001300648,0.001043554,0.000619396,0.000291279,0.000517613,0.000714557,0.002608975,701,0,0,0,2122,22500,43,6,10,197399,830655,13482,621,33,623,29460,0,1,5,136,1,0,0,2,1,1,1,65,12,41,12,0,1,5,3.952191572,29.26457184,0.045171514,0.007331316,0.013006476,102.9468774,415.6690351,6.78423076,0.262698314,0.015075687,0.310592678,13.38998288,0.00759053,0.004103205,0.001300648,0.001043554,0.001143124,0.07313003,0.036174929,0.007206322,0.02079627,0.006242409,0,0.000444296,0.002265803,10,0,0,990,439,13,680,22500,0,13,30,55229,13467,79,128624,173955,650950,5750,6586,6896,0,2,0,1,0,0,1,24,41,5,6,1,31,10,2.043348521,0.858850448,0.022769219,1.027223384,29.26457184,0,0.013864909,0.031306606,29.116608,7.329516679,0.055578691,66.44517398,106.2664013,304.4294008,4.973232953,2.926106863,3.858123897,0.004103205,0,0.001300648,0,0,0.001043554,0.015127062,0.021047867,0.00352276,0.002818652,0.00086491,0.014669901,0.006126368
45,47,-1069.707167,-1271.727527,-1068.473489,-1044.475852,-3568.969425,-1289.241203,-3004.516707,-1044.475852,0.000934835,0.000786332,0.000935915,0.000957418,0.000280193,0.00077565,0.000332832,0.000957418,0,0,0,0,0,0,0,0,0,55167,1294263,9805,442,6,251,0,0,0,0,82,0,0,0,0,0,0,0,18,15,33,14,0,2,0,0,0,0,0,0,28.63830916,628.1264486,4.337107267,0.192182881,0.003770815,0.115426828,0,0,0,0,0,0,0.040644417,0.010548499,0.007340036,0.015770907,0.006239607,0,0.000745369,0,0,0,0,0,0,0,0,0,0,0,0,22906,4521,26,27714,94104,1200159,0,4910,4895,0,0,0,0,0,0,0,8,10,2,13,0,28,5,0,0,0,0,0,0,0,0,12.57150866,2.627534394,0.015334631,13.42393148,57.54759165,570.5788569,0,2.400484701,1.936622566,0,0,0,0,0,0,0.005209868,0.00533863,0.001071655,0.006268381,0,0.013377031,0.002393876
46,48,-713.5311553,-1036.497204,-655.4024467,-800.9035444,-3349.849831,-2054.698651,-3862.016517,-655.4024467,0.00140148,0.000964788,0.00152578,0.00124859,0.000298521,0.000486689,0.000258932,0.00152578,0,0,0,0,3035,0,250,27,0,79405,1152431,4881,647,4,220,0,0,0,3,80,0,0,0,1,0,1,1,27,11,28,13,0,1,0,4.253493316,0,0.381445021,0.033711925,0,34.73901378,608.7333612,2.985238874,0.266857272,0.001946757,0.088350655,0,0.00417585,0.00140148,0,0.00152578,0.00124859,0.038796871,0.012186508,0.005274644,0.015190456,0.005782385,0,0.000362877,0,0,0,0,2414,598,2,21,0,0,250,0,33249,9513,37,36606,94474,1057957,0,4093,788,0,1,0,0,0,1,0,13,14,2,9,0,26,2,3.383173926,0.838085339,0.002802961,0.02943109,0,0,0.381445021,0,15.67568637,4.325301728,0.016727169,14.72129851,45.93757153,562.7957896,0,2.5105091,0.474729775,0.00140148,0,0,0,0.00152578,0,0.006385901,0.005800607,0.000899896,0.004374749,0,0.01401234,0.001178116
47,49,-619.1322814,-623.6030483,-356.0458229,-1122.06984,-1002.014139,-1002.014139,-1021.573257,-356.0458229,0.001615164,0.001603584,0.002808627,0.00089121,0.00099799,0.00099799,0.000978882,0.002808627,0,0,70,0,13723,87580,1202,0,25,165125,1012077,21186,437,500,876,22237,0,1,13,127,0,0,1,3,2,8,0,31,18,55,18,1,2,2,17.12907611,105.6784186,1.580208732,0,0.026157461,101.3762077,573.0581636,12.63261121,0.205620841,0.464004602,0.729325452,10.64575757,0.01821845,0.004168748,0.002649883,0.01139982,0,0.079144261,0.019929461,0.010550404,0.036470443,0.008315434,0.00092787,0.001572549,0.0013781,0,70,0,4530,704,3,8486,0,87580,868,334,69752,13211,50,82112,72263,939814,0,7889,13297,1,1,2,0,2,4,4,14,17,3,15,0,41,14,6.146878161,1.087741488,0.004644947,9.889811513,0,105.6784186,1.182883559,0.397325172,39.68547388,7.445864073,0.029507243,54.21536247,32.94220102,540.1159626,0,5.016208351,7.616402855,0.001514892,0.002653856,0,0.002649883,0.00688264,0.00451718,0.008397954,0.011531507,0.00133927,0.009211134,0,0.026412998,0.010057445
48,50,-868.8161182,-288.9145672,-514.3964032,-956.2391467,-3875.067814,-609.3834724,-2474.918924,-288.9145672,0.001150992,0.003461231,0.001944026,0.001045764,0.00025806,0.001641003,0.000404054,0.003461231,0,128750,0,0,3722,222720,407,15,50,79512,1464993,8698,494,7,145,22187,0,2,10,86,0,2,0,3,3,4,0,21,15,32,15,0,1,2,4.025327579,526.8847559,0.537552903,0.017472171,0.082050141,42.52228958,1130.399541,4.978206062,0.293602988,0.007720443,0.12894271,8.064843403,0.016923634,0.003269799,0.007716304,0.005937531,0,0.055611684,0.012068181,0.014079314,0.020550322,0.007602759,0,0.0005499,0.000761208,0,0,0,1603,558,4,1557,78750,143970,392,15,29461,7258,31,42762,78834,1386159,0,4279,4419,0,2,1,1,2,3,1,10,11,1,14,0,27,5,1.72539516,0.599425468,0.004288282,1.696218669,238.1437919,288.740964,0.512937861,0.024615042,16.46517313,3.767335079,0.017699181,22.27208219,238.182562,892.2169792,0,2.507326425,2.470879637,0.002196755,0.001073044,0.003024048,0.004692256,0.004296528,0.001641003,0.00599203,0.006076151,0.003024048,0.011055266,0,0.016843091,0.003707231
49,51,-181.3043959,-102.08333,-253.5764113,-447.9778715,-3147.841457,-1255.096781,-2098.710024,-102.08333,0.005515586,0.009795919,0.003943584,0.002232253,0.000317678,0.000796751,0.000476483,0.009795919,7986,27000,207,18,17705,249500,207,38,0,121185,869908,12009,433,6,326,2999,2,7,14,92,4,1,1,7,3,1,3,30,15,31,14,0,2,1,42.02123284,505.5135113,0.816321987,0.066158342,0,82.05822768,786.1790143,6.168393731,0.238264934,0.004120909,0.158089132,1.42897302,0.041186956,0.020154786,0.012083134,0.003943584,0.005005452,0.076665468,0.02975557,0.017559704,0.017955217,0.010033098,0,0.000885397,0.000476483,3740,197,10,9585,2135,16,5969,0,249500,197,10,41846,9162,42,70135,121110,748798,0,4806,7203,1,4,3,0,3,1,0,12,18,3,12,0,24,7,20.96074738,3.885844751,0.028980638,17.14566007,0,505.5135113,0.776886142,0.039435845,33.12481771,6.558967722,0.039363768,42.33507848,54.66967564,731.5093386,0,2.879830698,3.288563033,0.009263516,0.01089127,0,0.012083134,0.003943584,0,0.012894807,0.016860763,0.001303812,0.016255891,0,0.014493993,0.003461224
50,52,-1181.273853,-1020.724634,-611.005155,-1020.724634,-2100.650787,-2231.397017,-3020.633111,-611.005155,0.000846544,0.000979696,0.001636647,0.000979696,0.000476043,0.00044815,0.000331056,0.001636647,0,0,0,0,0,0,1106,0,0,83717,330225,7009,569,387,237,0,0,0,3,78,0,0,0,0,0,3,0,23,5,34,14,0,1,0,0,0,1.359853828,0,0,39.92841914,153.4861259,3.967023875,0.316943566,0.183980774,0.104860801,0,0.004051836,0,0,0.004051836,0,0.039138434,0.010563685,0.002078066,0.018932034,0.0071165,0,0.00044815,0,0,0,0,0,0,0,0,0,0,670,436,35844,9269,29,38575,43686,285487,1052,5794,1215,0,0,0,0,0,2,1,10,13,2,2,1,31,3,0,0,0,0,0,0,0.833342778,0.526511049,18.12896006,5.081382635,0.014422851,16.70365359,15.92371606,137.0579501,0.504459752,3.117718138,0.849305737,0,0,0,0,0.002784221,0.001267615,0.005284297,0.005279388,0.000738586,0.000859955,0.000479524,0.016778734,0.0021533
51,53,-581.4118077,-1129.326758,-748.4333188,-494.8993865,-2478.881526,-2389.113574,-2442.347953,-494.8993865,0.001719951,0.000885483,0.001336124,0.002020613,0.000403408,0.000418565,0.000409442,0.002020613,0,0,0,33,20245,0,277,137,0,75512,95347,8010,883,389,262,9109,0,1,11,86,0,0,0,5,0,2,4,21,4,41,18,0,0,1,26.70931751,0,0.34610148,0.217874939,0,53.18356622,42.5729976,4.108466361,0.589623422,0.157996489,0.115383905,3.729607809,0.01541192,0.006612344,0,0.002425487,0.00637409,0.050514255,0.013721915,0.00193141,0.021129765,0.013321723,0,0,0.000409442,0,0,0,11345,3996,11,4893,0,0,243,34,31716,10552,35,33209,50946,43344,1057,6404,1606,0,4,1,0,0,2,0,11,10,2,1,1,36,5,15.28297947,5.133909982,0.014456869,6.277971193,0,0,0.303703485,0.042397995,26.08047153,8.254283594,0.025913581,18.82289751,24.78458339,17.15891385,0.629500356,3.339575232,0.768891129,0.005392273,0.00122007,0,0,0.002425487,0,0.008718096,0.005003819,0.000938928,0.000395877,0.000596605,0.018953315,0.00217645
52,54,-374.4889002,-616.0986329,-374.4889002,-616.0986329,-2485.159647,-2822.202534,-2850.413837,-374.4889002,0.002670306,0.001623117,0.002670306,0.001623117,0.000402389,0.000354333,0.000350826,0.002670306,6053,0,192,3,19235,400,305,64,0,74385,293334,8078,825,389,362,9109,0,2,8,87,1,0,1,4,0,2,2,22,4,40,18,0,1,1,33.30289821,0.649246693,0.647666046,0.10567793,0,59.37892668,114.6429053,4.207599547,0.544256285,0.156855266,0.13755094,3.195676319,0.013399837,0.006478177,0,0.003865956,0.003055705,0.050688831,0.014868028,0.001752196,0.02137311,0.012009416,0,0.000335255,0.000350826,210,158,34,11281,3137,8,4809,400,0,271,34,29479,9824,36,35046,28446,263831,1057,6450,1628,1,3,1,0,0,2,0,11,11,1,2,1,35,5,21.23063996,5.80305833,0.014615994,6.254583926,0.649246693,0,0.556875638,0.090790408,30.55184187,9.31115564,0.027615863,19.48831331,14.91326012,99.1807919,0.54885327,3.384217009,0.823382538,0.005304568,0.001173609,0,0,0.003865956,0,0.009435027,0.005433001,0.000508892,0.00072319,0.000520114,0.01916371,0.0022094
53,55,-676.0712961,-459.9544086,-532.2747323,-599.7949705,-6214.465592,-366.514199,-5040.031064,-366.514199,0.001479134,0.002174129,0.001878729,0.001667236,0.000160915,0.002728407,0.000198411,0.002728407,0,103800,0,2,873,291666,867,125,140,79361,1085692,3744,500,0,348,0,0,2,14,73,0,1,0,1,4,5,3,22,11,22,15,0,3,0,1.29128393,539.0957219,1.086272139,0.203504809,0.32559044,39.16378132,877.5942579,2.639121665,0.372103649,0,0.457950406,0,0.022151304,0.001479134,0.006426017,0.007023474,0.004494272,0.050729916,0.012029889,0.009334775,0.015756248,0.009742771,0,0.003866233,0,0,0,0,118,0,0,755,0,291666,807,60,29778,8113,587,40883,974,1084718,0,3553,191,0,0,1,0,4,4,1,11,10,1,10,0,21,1,0.174537805,0,0,1.116746125,0,539.0957219,0.990787143,0.095484996,15.62190293,4.473684326,0.547087105,18.52110696,0.355289195,877.2389687,0,2.474823745,0.16429792,0,0.001479134,0,0.006426017,0.005144745,0.001878729,0.00555374,0.005517776,0.000362897,0.008971878,0,0.013877519,0.001878729
54,56,-931.7634754,-1041.407707,-249.2033631,-1041.407707,-2457.048827,-2449.734068,-3357.541236,-249.2033631,0.001073234,0.000960239,0.004012787,0.000960239,0.000406992,0.000408208,0.000297837,0.004012787,0,0,1106,0,364,0,1285,0,0,81609,237239,4859,512,387,237,0,1,3,4,69,0,0,3,0,0,4,0,24,3,27,13,0,1,0,0.390657082,0,2.978000103,0,0,38.54397245,153.7547891,4.665842942,0.307122774,0.157313213,0.098588607,0,0.009989816,0,0,0.009989816,0,0.040592829,0.010958146,0.001450856,0.02099916,0.00677646,0,0.000408208,0,0,670,436,0,0,0,364,0,0,849,436,31895,11079,41,38594,15700,220487,1052,4077,782,2,0,0,0,0,3,1,12,12,1,1,1,25,2,0,0,0,0.390657082,0,0,1.908972646,1.069027457,16.16493841,5.450742516,0.017625432,16.91066609,6.26638841,147.0682566,0.420144087,3.432677163,1.233165779,0,0,0,0,0.007289337,0.002700479,0.005895261,0.005062885,0.000384464,0.000667016,0.000399377,0.017857471,0.003141688
55,57,-557.2543403,-155.1565062,-182.5657661,-1073.714539,-2235.796373,-1438.330447,-866.6384452,-155.1565062,0.001794513,0.006445105,0.005477478,0.000931346,0.000447268,0.000695251,0.001153884,0.006445105,0,82000,4391,0,29681,82000,4791,4,61,159170,1030441,14477,459,501,875,22237,4,7,14,118,0,1,5,3,1,8,0,32,17,50,14,1,2,2,41.30041064,528.4986239,17.96885623,0.004448904,0.387301243,108.4933397,1097.864412,22.46034652,0.242336699,0.223270249,0.851384228,13.16971024,0.041194918,0.004202397,0.006445105,0.022472406,0,0.0947786,0.01965877,0.015293414,0.042535202,0.007667467,0.000447268,0.00751762,0.001658859,0,610,3781,6915,1273,2,21491,0,82000,987,3804,67011,10804,44,81311,106309,924132,0,7226,7251,2,1,2,0,1,4,4,14,18,2,15,0,40,10,8.96809629,1.769198557,0.002779574,30.56033622,0,528.4986239,1.954666707,16.01418952,39.89422877,6.85305548,0.026919136,61.71913629,51.98312852,1045.881283,0,4.982858115,17.47748841,0.001389787,0.00281261,0,0.006445105,0.007915274,0.014557133,0.008383556,0.011275214,0.000985402,0.014308012,0,0.025183057,0.017352145
56,58,-152.2528738,-1105.88505,-135.3545066,-647.113221,-563.3358901,-528.6372262,-1127.064592,-135.3545066,0.006568021,0.000904253,0.007388007,0.001545325,0.00177514,0.001891656,0.000887261,0.007388007,2637,0,583,0,10774,0,834,10,100,136051,790370,16217,519,389,452,3246,3,4,11,111,1,0,3,2,0,7,0,36,14,41,17,0,1,1,25.19045814,0,3.106998245,0.015453246,0.189165641,94.36202188,450.2346567,10.15539708,0.264239758,0.683533745,0.380395667,2.880047891,0.033127607,0.007689394,0,0.023546556,0,0.084734497,0.025689544,0.008077894,0.039701482,0.00848666,0,0.001891656,0.000887261,905,543,40,7425,1730,2,1617,0,0,739,95,61108,12625,54,62264,550934,238384,1052,8235,7982,3,2,0,0,0,6,1,14,22,10,3,1,35,6,8.326196624,11.36267551,0.013136041,5.488449968,0,0,2.866585827,0.240412418,36.9474875,17.03178619,0.040133434,40.34261476,317.1312776,132.4707968,0.63258239,6.351753952,3.803643132,0.007689394,0,0,0,0.022001232,0.001545325,0.013261346,0.012428198,0.005753296,0.001723284,0.000601314,0.035807463,0.003894018
57,59,-191.9102346,-166.1102239,-479.8410356,-288.0149155,-1433.937576,-427.0232369,-1316.068216,-166.1102239,0.00521077,0.006020099,0.002084024,0.003472042,0.00069738,0.002341793,0.000759839,0.006020099,4431,65000,1440,67,43077,107330,2492,70,190,145095,816970,14657,579,1981,402,3246,2,6,21,116,2,1,1,10,3,5,2,39,15,37,21,1,1,1,62.63440556,463.6124091,4.291113114,0.205044692,0.356443133,118.0113801,952.7932188,9.803251898,0.447156362,0.866185668,0.44637841,2.466437499,0.042163047,0.018220812,0.009387406,0.006985561,0.005813835,0.090561251,0.033525486,0.016302996,0.022517655,0.015325402,0.00037444,0.001755433,0.000759839,4431,0,1440,15786,2692,7,24592,42330,65000,812,1680,62242,12737,53,70063,550534,265384,1052,6698,7959,0,3,7,2,1,4,1,14,25,10,4,1,32,5,20.67511451,3.713081616,0.009828473,38.23638096,72.30597138,391.3064377,0.923820567,3.367292547,46.85921381,9.619537046,0.035993219,61.49663603,438.5018407,513.8867714,0.404606657,3.914645825,5.888606073,0.003804893,0.014415918,0.003367307,0.006020099,0.004945237,0.002040324,0.009879458,0.023646028,0.00841434,0.007504049,0.000384607,0.01862588,0.003891775
58,60,-438.8396961,-242.0754503,-316.0487785,-822.7531092,-1381.117785,-2474.109386,-1641.491325,-242.0754503,0.002278736,0.004130943,0.003164069,0.001215431,0.000724051,0.000404186,0.000609202,0.004130943,3017,20000,33,0,15564,57400,1901,64,0,112643,1394143,18639,324,499,292,3059,1,3,11,121,1,1,1,5,2,4,1,33,23,48,14,1,1,1,21.42510544,124.4320362,2.172041482,0.076149652,0,65.50022537,852.3739852,9.7390137,0.218768062,0.343251524,0.141968555,1.852394089,0.019843141,0.006820987,0.005248943,0.00655778,0.001215431,0.07539899,0.019744094,0.017358554,0.027548051,0.008977833,0.000724051,0.000437204,0.000609202,3017,33,0,3568,1020,5,10971,0,57400,654,1247,33321,8885,46,70391,230459,1163684,0,6693,11946,1,2,3,0,2,3,1,13,20,4,19,0,36,12,3.860589215,1.101948354,0.005328025,16.45723985,0,124.4320362,0.790785882,1.3812556,17.39399914,4.672543767,0.023999031,43.40968343,96.33804699,756.0359382,0,3.894730669,5.844283031,0.002145128,0.00467586,0,0.005248943,0.005450094,0.001107686,0.007247667,0.012496427,0.001834742,0.015523812,0,0.021915762,0.005632289
59,61,-681.4769741,-751.5081431,-478.9692331,-478.9692331,-2405.943645,-2205.527958,-1884.637476,-478.9692331,0.001467401,0.001330658,0.002087817,0.002087817,0.000415637,0.000453406,0.000530606,0.002087817,0,0,125,53,10442,30752,602,107,0,101564,1217107,12926,364,449,361,3009,0,3,12,107,0,0,1,3,1,2,6,30,22,35,16,1,2,1,12.90396606,40.92038161,0.739979515,0.182386004,0,56.85874165,673.2917116,6.452277845,0.295318985,0.187336649,0.156561296,1.595471193,0.01916276,0.003672642,0.001330658,0.003055107,0.011104353,0.065227089,0.017432428,0.011857662,0.018477073,0.015694982,0.000415637,0.000818701,0.000530606,0,125,0,5948,1028,6,3460,0,30752,328,274,32465,7829,42,61228,103289,1113818,0,5614,7312,1,2,1,0,1,2,0,11,19,4,18,0,27,8,7.739681731,1.462748837,0.007551272,3.693984224,0,40.92038161,0.463245971,0.276733544,20.54478816,4.831610091,0.027043886,31.45529951,41.70585647,631.5858551,0,2.940980294,3.511297551,0.002621518,0.001051124,0,0.001330658,0.003055107,0,0.007388707,0.01004372,0.00160253,0.010255132,0,0.014976249,0.003500824
60,62,-867.6886123,-296.6229342,-170.0436023,-909.5252838,-1102.263064,-1519.373664,-1887.051579,-170.0436023,0.001152487,0.003371283,0.005880845,0.001099475,0.000907224,0.000658166,0.000529927,0.005880845,1,1052,204,0,8375,1052,621,18,57,104980,793064,11708,916,387,460,3246,2,3,10,102,0,1,2,2,1,6,1,25,13,41,19,0,2,1,9.285430403,3.546590228,1.694898463,0.019427881,0.10854961,54.75878594,308.2046864,7.179274854,0.408351268,0.350570789,0.31547013,1.720143761,0.022569352,0.00221098,0.003371283,0.015932948,0.001054142,0.066881584,0.01254809,0.008078718,0.035280777,0.009579196,0,0.000864877,0.000529927,0,204,0,2392,606,9,5368,0,0,562,59,53242,12378,41,39319,527034,264978,1052,7570,4138,2,0,2,0,0,5,1,12,13,9,3,1,36,5,2.64395571,0.671336761,0.014019418,5.956118514,0,0,1.62994247,0.064955993,26.76803984,6.370540943,0.02919273,21.59101242,198.4416107,106.2164855,3.546590228,5.387011797,1.792263057,0,0.00221098,0,0,0.014833473,0.001099475,0.005691216,0.006856874,0.003555879,0.001151555,0.003371283,0.032102881,0.003177896
61,63,-74.8133055,-109.3434626,-74.8133055,-516.7796192,-851.3155944,-1461.593213,-1181.641017,-74.8133055,0.013366606,0.009145494,0.013366606,0.001935061,0.001174653,0.000684185,0.000846281,0.013366606,10418,171135,1615,7,32655,525662,6655,198,45,137188,1209970,20775,645,1991,527,3246,3,7,28,129,3,3,1,8,8,5,6,35,16,54,20,1,1,1,103.9973218,1280.856379,12.61279424,0.283815184,0.21281768,172.1570606,1698.52479,19.87243509,0.527457437,2.055927539,0.449995242,2.747027187,0.070360007,0.031789306,0.020431379,0.008161655,0.008803015,0.123962964,0.049139849,0.02467048,0.032031542,0.01565989,0.001174653,0.00044027,0.000846281,2139,108,1507,19421,3713,11,9510,485674,39988,1410,5245,57890,11633,50,67615,638209,570709,1052,10006,10769,0,3,5,7,1,3,2,12,23,11,4,1,46,8,59.78666411,7.062335809,0.019667654,37.12865424,1224.431294,56.42508552,3.044726503,9.568067733,86.44853467,11.8741965,0.04277917,73.79155024,1287.81757,410.3436543,0.363566047,7.631171308,12.24126379,0.013067198,0.018722108,0.019020329,0.00141105,0.003873357,0.004288298,0.019300294,0.029839555,0.020850522,0.003474363,0.000345595,0.025054434,0.006977108
